ID,Age,Age_Intervals,Education,Marital_Status,Income,Income_Intervals,Kidhome,Teenhome,LastPurchase,Recency_Intervals,Wines,Fruits,Meats,Fish,Sweets,Gold,total_purchases,DiscountPurchases,WebPurchases,CatalogPurchases,StorePurchases,WebVisitsMonth,AcceptedCmp3,AcceptedCmp4,AcceptedCmp5,AcceptedCmp1,AcceptedCmp2,Complain,Response
5824,52,Middle-Aged,non_graduate,Together,34578,Medium,2,1,1,0-30 days,7,0,1,0,0,0,8,1,1,0,2,6,0,0,0,0,0,0,0
322,46,other,Graduate,Together,42554,Medium,1,1,93,More than 90 days,29,1,11,0,0,0,41,2,2,0,3,4,0,0,0,0,0,0,0
3075,52,Middle-Aged,non_graduate,Married,59973,Medium,0,0,47,31-60 days,130,30,168,20,34,0,382,1,3,4,7,1,0,0,0,0,0,0,0
6983,74,other,non_graduate,Divorced,38054,Medium,1,1,24,0-30 days,23,2,17,2,1,0,45,2,2,0,3,7,0,0,0,0,0,0,0
10609,62,Middle-Aged,non_graduate,Married,42769,Medium,0,1,15,0-30 days,71,0,13,3,1,0,88,2,1,1,4,4,0,0,0,0,0,0,0
2445,50,other,non_graduate,Together,28440,other_income,1,0,87,61-90 days,38,1,24,0,0,0,63,1,2,0,3,8,0,0,0,0,0,0,0
3783,65,Middle-Aged,non_graduate,Married,52854,Medium,1,1,43,31-60 days,105,0,10,0,1,0,116,2,2,1,4,5,0,0,0,0,0,0,0
7919,48,other,non_graduate,Together,72335,other_income,0,0,2,0-30 days,1224.625,81,556,28,21,0,1910.625,1,10,4,8,8,0,0,0,0,0,0,1
5547,42,other,non_graduate,Married,84169,other_income,0,0,9,0-30 days,1224.625,19,403,0,19,0,1665.625,1,7,6,6,3,0,1,1,0,0,0,1
8362,42,other,non_graduate,Married,84169,other_income,0,0,9,0-30 days,1224.625,19,403,0,19,0,1665.625,1,7,6,6,3,0,1,1,0,0,0,1
7875,75,other,Graduate,Married,72025,other_income,0,0,46,31-60 days,967,0,556,43,50,0,1616,1,4,8,13,2,0,1,1,1,0,0,1
3919,48,other,non_graduate,Single,72309,other_income,0,0,64,61-90 days,960,0,556,50,38,0,1604,1,5,6,8,3,0,0,0,1,0,0,1
9185,58,Middle-Aged,non_graduate,Single,69759,other_income,0,0,38,31-60 days,452,20,514,13,30,0,1029,3,4,6,5,3,0,0,0,0,0,0,1
6250,75,other,non_graduate,Widow,54356,Medium,0,1,62,61-90 days,710,15,30,20,0,0,775,3,11,2,8,8,0,0,0,0,0,0,1
5621,55,Middle-Aged,Graduate,Married,48752,Medium,1,1,8,0-30 days,73,57,100,71,15,0,316,5,6,1,5,9,0,0,0,0,0,0,1
10905,69,Middle-Aged,Graduate,Together,42586,Medium,1,1,7,0-30 days,194,2,56,0,0,0,252,5,4,1,6,8,0,0,0,0,0,0,1
8910,69,Middle-Aged,Graduate,Together,42586,Medium,1,1,7,0-30 days,194,2,56,0,0,0,252,5,4,1,6,8,0,0,0,0,0,0,1
6646,40,other,Graduate,Together,16529,other_income,1,0,23,0-30 days,3,0,5,13,0,1,22,1,1,0,3,6,0,0,0,0,0,0,0
891,73,other,non_graduate,Together,29298,other_income,1,1,60,31-60 days,6,0,2,2,0,1,11,1,1,0,2,5,0,0,0,0,0,0,0
3436,55,Middle-Aged,Graduate,Married,14045,other_income,1,0,24,0-30 days,11,0,5,2,1,1,20,1,1,0,3,7,0,0,0,0,0,0,0
9140,64,Middle-Aged,non_graduate,Together,50523,Medium,1,1,89,61-90 days,51,4,24,4,7,1,91,2,2,0,4,6,0,0,0,0,0,0,0
6885,47,other,Graduate,Divorced,32952,Medium,1,0,36,31-60 days,38,0,12,3,1,1,55,1,2,0,3,7,0,0,0,0,0,0,0
10560,44,other,non_graduate,Single,36802,Medium,1,0,23,0-30 days,16,1,2,0,0,1,20,1,1,0,3,5,0,0,0,0,0,0,0
5068,53,Middle-Aged,Graduate,Single,22804,other_income,1,0,75,61-90 days,14,1,7,2,1,1,26,1,2,0,2,9,0,0,0,0,0,0,0
11091,71,other,Graduate,Together,34587,Medium,1,1,68,61-90 days,7,2,9,2,0,2,22,2,1,0,3,4,0,0,0,0,0,0,0
7386,48,other,Graduate,Divorced,30992,Medium,1,0,83,61-90 days,17,0,14,7,3,2,43,1,1,0,3,7,0,0,0,0,0,0,0
274,51,Middle-Aged,Graduate,Single,34853,Medium,1,1,75,61-90 days,9,3,15,2,3,2,34,2,2,0,3,6,0,0,0,0,0,0,0
3712,65,Middle-Aged,Graduate,Divorced,52332,Medium,0,0,63,61-90 days,212,5,33,7,0,2,259,1,3,2,6,4,0,1,0,0,0,0,0
4791,44,other,Graduate,Together,44964,Medium,1,1,35,31-60 days,19,1,17,2,0,2,41,1,1,0,3,8,0,0,0,0,0,0,0
2337,53,Middle-Aged,Graduate,Divorced,29819,other_income,1,0,77,61-90 days,9,1,24,2,1,2,39,3,3,0,3,6,0,0,0,0,0,0,0
11007,56,Middle-Aged,non_graduate,Married,29187,other_income,1,0,43,31-60 days,26,0,6,0,0,2,34,1,1,0,3,8,0,0,0,0,0,0,0
10749,33,other,Graduate,Single,8028,other_income,0,0,62,61-90 days,73,18,66,7,12,2,178,15,0,1,0,13,0,0,0,0,0,0,0
800,64,Middle-Aged,Graduate,Together,44512,Medium,1,1,57,31-60 days,23,1,6,0,0,2,32,2,1,0,3,4,0,0,0,0,0,0,0
2868,75,other,non_graduate,Single,26518,other_income,1,1,33,31-60 days,20,1,28,3,3,2,57,3,2,0,3,8,0,0,0,0,0,0,1
4855,50,other,non_graduate,Together,30351,Medium,1,0,19,0-30 days,14,0,24,3,3,2,46,1,3,0,2,9,0,0,0,0,0,0,1
9423,45,other,non_graduate,Married,32765,Medium,1,0,49,31-60 days,13,3,17,7,3,3,46,2,2,0,4,5,0,0,0,0,0,0,0
8953,59,Middle-Aged,non_graduate,Single,35791,Medium,2,1,94,More than 90 days,27,0,5,0,0,3,35,2,1,0,3,8,0,0,0,0,0,0,0
6471,53,Middle-Aged,non_graduate,Single,36230,Medium,1,0,17,0-30 days,14,2,30,8,2,3,59,1,2,0,4,5,0,0,0,0,0,0,0
4860,54,Middle-Aged,Graduate,Single,24206,other_income,1,0,66,61-90 days,7,2,8,3,2,3,25,1,1,0,3,6,0,0,0,0,0,0,0
3769,52,Middle-Aged,non_graduate,Together,51371,Medium,1,0,17,0-30 days,25,1,13,0,0,3,42,1,1,0,3,7,0,0,0,0,0,0,0
1403,49,other,non_graduate,Together,34984,Medium,1,1,40,31-60 days,8,4,15,3,5,3,38,2,1,0,3,7,0,0,0,0,0,0,0
5680,40,other,non_graduate,Married,35684,Medium,1,0,66,61-90 days,10,4,7,0,6,3,30,1,1,0,3,6,0,0,0,0,0,0,0
8799,40,other,non_graduate,Married,38175,Medium,1,0,6,0-30 days,70,6,69,2,3,3,153,3,3,1,4,7,0,0,0,0,0,0,0
3025,66,Middle-Aged,Graduate,Single,49967,Medium,0,1,4,0-30 days,212,6,69,4,12,3,306,3,6,1,5,7,0,0,0,0,0,0,0
1519,52,Middle-Aged,non_graduate,Single,38578,Medium,1,1,2,0-30 days,38,4,22,3,3,3,73,3,3,0,3,8,0,0,0,0,0,0,1
3645,52,Middle-Aged,non_graduate,Single,27213,other_income,1,0,19,0-30 days,19,3,26,10,9,3,70,3,2,0,4,8,0,0,0,0,0,0,1
8234,51,Middle-Aged,non_graduate,Together,27190,other_income,1,0,13,0-30 days,1,6,7,0,1,3,18,1,1,0,2,8,1,0,0,0,0,0,1
1581,44,other,Graduate,Married,37406,Medium,1,0,18,0-30 days,2,0,8,2,2,3,17,1,1,0,2,8,0,0,0,0,0,0,1
6398,50,other,non_graduate,Married,18393,other_income,1,0,2,0-30 days,7,10,13,16,0,4,50,2,3,0,3,8,0,0,0,0,0,0,0
6864,35,other,non_graduate,Divorced,10979,other_income,0,0,34,31-60 days,8,4,10,2,2,4,30,2,3,0,3,5,0,0,0,0,0,0,0
868,58,Middle-Aged,Graduate,Married,44794,Medium,0,1,99,More than 90 days,54,0,7,0,0,4,65,1,2,0,3,6,0,0,0,0,0,0,0
9973,61,Middle-Aged,Graduate,Married,50437,Medium,0,2,28,0-30 days,370,9,92,6,9,4,490,3,7,1,8,7,0,0,0,0,0,0,0
451,35,other,Graduate,Single,9255,other_income,1,0,91,More than 90 days,9,0,7,2,0,4,22,1,1,1,2,8,0,0,0,0,0,0,0
793,51,Middle-Aged,Graduate,Married,20895,other_income,1,0,24,0-30 days,18,3,17,3,0,4,45,1,2,0,3,9,0,0,0,0,0,0,0
6431,60,Middle-Aged,non_graduate,Married,45759,Medium,1,1,13,0-30 days,42,1,18,3,0,4,68,2,2,0,3,7,0,0,0,0,0,0,0
5138,74,other,Graduate,Together,28320,other_income,0,1,68,61-90 days,19,1,14,3,2,4,43,1,1,0,3,8,0,0,0,0,0,0,0
1501,42,other,non_graduate,Married,117435.625,other_income,0,0,21,0-30 days,55,16,556,17,3,4,651,15,0,10,1,0,0,0,0,0,0,0,0
10509,69,Middle-Aged,non_graduate,Single,36927,Medium,1,1,46,31-60 days,51,0,16,0,0,4,71,2,3,0,3,8,0,0,0,0,0,0,0
1461,59,Middle-Aged,non_graduate,Divorced,36921,Medium,1,1,74,61-90 days,17,1,12,3,1,4,38,2,2,0,3,7,0,0,0,0,0,0,0
10277,63,Middle-Aged,Graduate,Single,30081,Medium,0,1,27,0-30 days,36,0,2,0,0,4,42,1,1,0,3,7,0,0,0,0,0,0,0
6119,61,Middle-Aged,non_graduate,Single,36736,Medium,1,1,52,31-60 days,10,0,3,0,0,4,17,1,1,0,2,6,0,0,0,0,0,0,0
8595,51,Middle-Aged,Graduate,Widow,42429,Medium,0,1,99,More than 90 days,55,0,6,2,0,4,67,2,1,1,3,5,0,0,0,0,0,0,0
9216,53,Middle-Aged,Graduate,Married,35788,Medium,1,1,34,31-60 days,23,2,11,3,1,4,44,2,2,0,3,6,0,0,0,0,0,0,0
339,52,Middle-Aged,non_graduate,Married,57091,Medium,0,1,82,61-90 days,462,0,24,6,0,4,496,2,9,2,5,7,0,1,0,0,0,0,1
7230,64,Middle-Aged,non_graduate,Divorced,50611,Medium,0,1,98,More than 90 days,459,0,24,6,0,4,493,6,4,5,7,6,0,1,0,0,0,0,1
2552,69,Middle-Aged,non_graduate,Single,55521,Medium,1,2,11,0-30 days,416,0,26,0,0,4,446,9,6,3,6,7,0,1,0,0,0,0,1
1715,46,other,Graduate,Together,25851,other_income,1,0,45,31-60 days,9,4,18,7,5,5,48,2,2,0,3,7,0,0,0,0,0,0,0
692,70,Middle-Aged,Graduate,Together,36807,Medium,1,1,88,61-90 days,4,2,5,0,0,5,16,1,1,0,2,6,0,0,0,0,0,0,0
55,61,Middle-Aged,Graduate,Together,56253,Medium,0,1,83,61-90 days,509,0,65,7,11,5,597,4,7,2,9,6,0,0,0,0,0,0,0
8858,52,Middle-Aged,non_graduate,Married,44325,Medium,0,1,69,61-90 days,516,0,21,0,0,5,542,4,8,2,7,8,0,1,0,0,0,0,0
4290,52,Middle-Aged,Graduate,Married,30467,Medium,1,0,8,0-30 days,1,3,8,2,5,5,24,1,1,0,2,7,0,0,0,0,0,0,0
9477,70,Middle-Aged,non_graduate,Married,65324,other_income,0,1,0,0-30 days,384,0,102,21,32,5,544,3,6,2,9,4,0,0,0,0,0,0,0
5790,39,other,Graduate,Married,31158,Medium,1,0,62,61-90 days,25,6,16,20,0,5,72,2,2,0,3,8,0,0,0,0,0,0,0
8523,56,Middle-Aged,Graduate,Married,19329,other_income,1,0,39,31-60 days,24,1,16,12,2,5,60,3,4,0,3,8,0,0,0,0,0,0,0
2948,70,Middle-Aged,non_graduate,Divorced,62637,other_income,0,1,76,61-90 days,104,12,48,4,12,5,185,1,2,2,5,2,0,0,0,0,0,0,0
1502,41,other,Graduate,Together,28427,other_income,1,0,67,61-90 days,18,3,19,3,3,6,52,2,2,0,3,8,0,0,0,0,0,0,0
2902,66,Middle-Aged,Graduate,Together,51371,Medium,1,1,87,61-90 days,19,4,12,2,2,6,45,1,1,0,3,5,0,0,0,0,0,0,0
8541,34,other,non_graduate,Married,24683,other_income,1,0,98,More than 90 days,8,4,10,6,7,6,41,2,2,0,4,5,0,0,0,0,0,0,0
9239,63,Middle-Aged,non_graduate,Married,61923,other_income,0,2,94,More than 90 days,92,4,18,3,3,6,126,1,2,1,4,3,0,0,0,0,0,0,0
3011,59,Middle-Aged,Graduate,Married,69139,other_income,0,1,23,0-30 days,86,12,75,33,15,6,227,1,4,1,5,4,0,0,0,0,0,0,0
113,73,other,Graduate,Married,30833,Medium,1,1,33,31-60 days,11,0,7,3,1,6,28,2,1,0,3,5,0,0,0,0,0,0,0
24,64,Middle-Aged,non_graduate,Together,17144,other_income,1,1,96,More than 90 days,18,2,19,0,2,6,47,5,3,0,4,7,0,0,0,0,0,0,0
1523,51,Middle-Aged,Graduate,Married,59041,Medium,1,1,25,0-30 days,69,2,15,2,2,6,96,2,2,0,4,5,0,0,0,0,0,0,0
10556,65,Middle-Aged,Graduate,Married,54984,Medium,0,1,51,31-60 days,173,13,131,32,3,6,358,4,6,1,6,7,0,0,0,1,0,0,0
8724,42,other,Graduate,Single,28567,other_income,1,0,57,31-60 days,11,3,22,2,2,6,46,2,2,0,3,6,0,0,0,0,0,0,0
5389,60,Middle-Aged,Graduate,Married,48920,Medium,0,2,93,More than 90 days,238,17,68,8,10,6,347,3,6,2,5,7,0,1,0,0,0,0,0
3158,51,Middle-Aged,Graduate,Married,32300,Medium,1,0,1,0-30 days,13,3,6,6,5,6,39,1,1,0,3,8,0,0,0,0,0,0,0
3641,48,other,Graduate,Married,13624,other_income,1,0,93,More than 90 days,10,2,15,2,1,6,36,2,2,0,3,6,0,0,0,0,0,0,0
736,41,other,Graduate,Together,28427,other_income,1,0,67,61-90 days,18,3,19,3,3,6,52,2,2,0,3,8,0,0,0,0,0,0,0
6287,38,other,Graduate,Together,34728,Medium,1,0,2,0-30 days,14,0,16,0,0,6,36,1,1,1,2,6,0,0,0,0,0,0,1
6912,57,Middle-Aged,non_graduate,Married,63246,other_income,0,2,60,31-60 days,593,30,91,29,22,7,772,1,6,3,12,4,0,0,0,0,0,0,0
5186,69,Middle-Aged,non_graduate,Married,58482,Medium,0,1,59,31-60 days,576,7,115,19,7,7,731,2,7,4,9,6,0,1,0,0,0,0,0
2814,48,other,non_graduate,Together,30560,Medium,1,0,6,0-30 days,9,1,5,4,5,7,31,1,1,0,3,7,0,0,0,0,0,0,0
4268,65,Middle-Aged,Graduate,Married,53154,Medium,0,1,50,31-60 days,129,0,21,0,1,7,158,1,3,1,4,4,0,0,0,0,0,0,0
2154,53,Middle-Aged,Graduate,Widow,30372,Medium,1,1,33,31-60 days,15,0,12,7,3,7,44,3,2,0,3,7,0,0,0,0,0,0,0
5394,45,other,non_graduate,Single,16014,other_income,1,1,42,31-60 days,3,9,4,7,8,7,38,4,1,1,4,3,0,0,0,0,0,0,0
503,39,other,non_graduate,Married,20559,other_income,1,0,88,61-90 days,13,1,29,3,0,7,53,2,2,0,3,8,0,0,0,0,0,0,0
4550,58,Middle-Aged,non_graduate,Together,33564,Medium,0,1,51,31-60 days,61,0,3,0,0,7,71,1,1,1,3,5,0,0,0,0,0,0,0
1991,57,Middle-Aged,Graduate,Together,44931,Medium,0,1,0,0-30 days,78,0,11,0,0,7,96,1,2,1,3,5,0,0,0,0,0,0,0
8442,39,other,non_graduate,Married,19510,other_income,2,0,63,61-90 days,9,0,7,3,4,7,30,2,1,0,3,7,0,0,0,0,0,0,0
9576,42,other,non_graduate,Together,32313,Medium,1,0,60,31-60 days,86,4,56,2,4,7,159,3,4,0,4,9,0,0,0,0,0,0,0
11121,43,other,Graduate,Married,19419,other_income,1,0,76,61-90 days,2,14,28,16,3,7,70,4,4,0,3,9,0,0,0,0,0,0,0
6019,53,Middle-Aged,non_graduate,Married,37126,Medium,1,0,9,0-30 days,45,3,9,4,4,7,72,1,1,2,2,6,1,0,0,0,0,0,1
2634,45,other,non_graduate,Single,16653,other_income,1,0,10,0-30 days,5,7,31,15,4,7,69,3,2,1,3,6,0,0,0,0,0,0,1
6215,47,other,Graduate,Married,31353,Medium,1,1,24,0-30 days,10,0,10,3,1,7,31,2,1,1,2,8,0,0,0,0,0,0,1
2620,50,other,non_graduate,Married,34596,Medium,1,0,48,31-60 days,14,0,2,0,0,7,23,1,1,0,2,8,0,0,0,0,0,0,1
10242,58,Middle-Aged,non_graduate,Together,47472,Medium,1,1,39,31-60 days,56,0,11,0,0,8,75,2,2,0,4,5,0,0,0,0,0,0,0
10451,59,Middle-Aged,Graduate,Together,29672,other_income,1,1,6,0-30 days,9,1,3,0,4,8,25,1,0,0,3,6,0,0,0,0,0,0,0
9988,48,other,non_graduate,Single,70379,other_income,0,1,84,61-90 days,553,25,142,65,67,8,860,3,6,3,13,4,0,0,0,0,0,0,0
3722,52,Middle-Aged,Graduate,Single,44503,Medium,1,1,83,61-90 days,31,1,8,0,0,8,48,2,2,0,3,6,0,0,0,0,0,0,0
564,43,other,non_graduate,Together,56937,Medium,1,0,81,61-90 days,746,8,125,11,8,8,906,7,8,6,9,6,0,1,0,0,0,0,1
4827,68,Middle-Aged,non_graduate,Single,54998,Medium,0,1,3,0-30 days,154,22,202,39,30,8,455,5,4,2,9,4,0,0,0,0,0,0,1
456,38,other,non_graduate,Married,7500,other_income,1,0,96,More than 90 days,1,11,5,4,6,9,36,2,2,0,3,8,0,0,0,0,0,0,0
1921,57,Middle-Aged,non_graduate,Married,59062,Medium,2,1,74,61-90 days,46,1,12,3,0,9,71,2,2,0,3,4,0,0,0,0,0,0,0
3829,45,other,non_graduate,Together,24594,other_income,1,0,94,More than 90 days,1,3,6,10,0,9,29,1,1,0,3,5,0,0,0,0,0,0,0
10766,60,Middle-Aged,non_graduate,Married,65526,other_income,0,1,22,0-30 days,397,19,69,12,0,9,506,1,4,4,8,2,0,0,0,0,0,0,0
78,55,Middle-Aged,Graduate,Married,25293,other_income,1,0,51,31-60 days,15,0,11,0,2,9,37,1,1,1,2,8,0,0,0,0,0,0,0
8147,64,Middle-Aged,Graduate,Married,31454,Medium,1,1,40,31-60 days,28,0,11,0,0,9,48,3,2,0,3,8,0,0,0,0,0,0,0
8372,50,other,Graduate,Married,34421,Medium,1,0,81,61-90 days,3,3,7,6,2,9,30,1,1,0,2,7,0,0,0,0,0,0,0
4725,74,other,non_graduate,Together,50616,Medium,0,1,71,61-90 days,30,2,25,0,1,9,67,1,1,1,4,2,0,0,0,0,0,0,0
10525,38,other,Graduate,Single,26576,other_income,1,0,40,31-60 days,10,0,8,0,0,9,27,1,1,0,2,9,1,0,0,0,0,0,1
10913,40,other,non_graduate,Single,31385,Medium,1,0,56,31-60 days,3,2,12,0,1,9,27,1,1,0,2,8,1,0,0,0,0,0,1
2075,55,Middle-Aged,Graduate,Married,72460,other_income,0,0,56,31-60 days,377,10,540,80,30,10,1047,1,3,5,7,1,0,0,0,0,0,0,0
10033,51,Middle-Aged,non_graduate,Divorced,31163,Medium,1,0,54,31-60 days,2,3,10,11,2,10,38,1,1,0,3,6,0,0,0,0,0,0,0
4867,56,Middle-Aged,non_graduate,Single,38236,Medium,1,1,2,0-30 days,58,0,18,2,0,10,88,4,3,0,4,7,0,0,0,0,0,0,0
7409,54,Middle-Aged,Graduate,Together,53187,Medium,1,0,66,61-90 days,211,2,30,7,7,10,267,2,4,1,6,5,0,0,0,0,0,0,0
6347,45,other,non_graduate,Single,15862,other_income,1,0,26,0-30 days,1,1,4,11,9,10,36,1,1,0,3,8,0,0,0,0,0,0,0
8233,74,other,non_graduate,Widow,64866,other_income,0,1,9,0-30 days,508,5,21,7,5,10,556,4,7,3,7,5,0,1,0,0,0,0,0
2518,38,other,non_graduate,Together,20491,other_income,0,0,16,0-30 days,5,4,5,4,2,10,30,1,0,1,2,7,0,0,0,0,0,0,0
8143,39,other,non_graduate,Single,37929,Medium,0,0,49,31-60 days,202,2,46,3,2,10,265,2,4,2,5,7,0,1,0,1,0,0,1
6205,57,Middle-Aged,non_graduate,Single,32557,Medium,1,0,13,0-30 days,34,3,29,0,4,10,80,3,2,1,3,5,0,0,0,0,0,0,1
7042,41,other,Graduate,Married,36790,Medium,0,0,14,0-30 days,3,3,14,15,21,10,66,1,2,1,2,9,0,0,0,0,0,0,1
9986,42,other,Graduate,Together,19444,other_income,1,0,8,0-30 days,16,0,23,3,2,10,54,3,4,1,2,7,0,0,0,0,0,0,1
5585,52,Middle-Aged,Graduate,Single,21359,other_income,1,0,1,0-30 days,12,2,17,6,1,10,48,2,2,0,3,8,0,0,0,0,0,0,1
7861,72,other,non_graduate,Married,77027,other_income,0,1,23,0-30 days,820,57,242,45,0,11,1175,2,8,3,6,4,0,0,0,0,0,0,0
8397,73,other,Graduate,Married,44689,Medium,1,1,82,61-90 days,18,0,5,0,0,11,34,2,1,1,2,7,1,0,0,0,0,0,0
10203,34,other,Graduate,Single,26095,other_income,1,0,77,61-90 days,11,7,9,3,1,11,42,1,1,0,3,7,0,0,0,0,0,0,0
2557,54,Middle-Aged,non_graduate,Single,29548,other_income,1,0,52,31-60 days,7,1,6,3,1,11,29,1,1,1,2,4,1,0,0,0,0,0,0
3037,41,other,non_graduate,Married,50150,Medium,0,0,32,31-60 days,135,46,92,65,61,11,410,2,5,2,7,5,0,0,0,0,0,0,0
9738,38,other,non_graduate,Together,42386,Medium,1,0,43,31-60 days,65,4,16,0,4,11,100,1,3,0,3,8,0,0,0,0,0,0,0
1777,44,other,non_graduate,Married,25965,other_income,0,0,29,0-30 days,2,2,11,41,7,11,74,1,2,0,3,8,0,0,0,0,0,0,0
4865,50,other,non_graduate,Divorced,53367,Medium,1,1,2,0-30 days,229,7,140,10,3,11,400,7,5,1,8,7,0,0,0,0,0,0,1
5093,50,other,non_graduate,Divorced,25509,other_income,1,0,15,0-30 days,40,3,30,10,7,11,101,3,3,0,3,9,0,0,0,0,0,0,1
8524,50,other,non_graduate,Divorced,25509,other_income,1,0,15,0-30 days,40,3,30,10,7,11,101,3,3,0,3,9,0,0,0,0,0,0,1
7685,46,other,Graduate,Married,33039,Medium,1,0,4,0-30 days,30,8,12,8,8,12,78,1,2,0,4,5,0,0,0,0,0,0,0
3136,62,Middle-Aged,non_graduate,Divorced,59432,Medium,0,1,88,61-90 days,317,25,265,25,19,12,663,3,5,3,11,5,0,0,0,0,0,0,0
2106,50,other,non_graduate,Married,20130,other_income,0,0,99,More than 90 days,0,6,3,7,6,12,34,1,1,0,3,8,0,0,0,0,0,0,0
7476,60,Middle-Aged,non_graduate,Single,63972,other_income,0,1,93,More than 90 days,928,63,254,0,12,12,1269,4,5,4,10,4,0,1,0,0,0,0,0
326,51,Middle-Aged,Graduate,Married,51148,Medium,1,1,38,31-60 days,235,6,45,8,9,12,315,4,5,1,6,6,0,0,0,0,0,0,0
2428,54,Middle-Aged,Graduate,Married,28164,other_income,1,0,23,0-30 days,3,18,26,11,8,12,78,3,2,0,4,7,0,0,0,0,0,0,0
1517,55,Middle-Aged,Graduate,Single,30822,Medium,1,0,92,More than 90 days,3,9,13,2,12,12,51,1,1,0,3,7,0,0,0,0,0,0,0
9485,38,other,non_graduate,Married,45921,Medium,0,0,23,0-30 days,102,9,49,24,3,12,199,1,2,1,6,4,0,0,0,0,0,0,0
9365,48,other,non_graduate,Single,60000,Medium,0,1,57,31-60 days,1048,0,217,0,0,12,1277,5,11,3,5,6,0,0,0,0,0,0,0
5303,50,other,non_graduate,Together,79632,other_income,0,0,42,31-60 days,471,0,510,99,21,12,1113,1,6,4,9,2,0,0,0,0,0,0,0
8015,62,Middle-Aged,non_graduate,Divorced,85696,other_income,0,0,88,61-90 days,714,76,395,116,0,12,1313,1,4,6,9,1,0,0,0,0,0,0,1
1745,62,Middle-Aged,non_graduate,Divorced,85696,other_income,0,0,88,61-90 days,714,76,395,116,0,12,1313,1,4,6,9,1,0,0,0,0,0,0,1
1631,59,Middle-Aged,non_graduate,Together,65220,other_income,0,0,3,0-30 days,890,63,292,0,25,12,1282,4,8,4,7,6,0,0,0,0,0,0,1
4012,52,Middle-Aged,non_graduate,Together,62220,other_income,0,1,55,31-60 days,799,12,375,16,12,12,1226,5,7,6,5,6,0,0,0,0,0,0,1
3547,55,Middle-Aged,non_graduate,Together,41021,Medium,1,0,12,0-30 days,14,7,9,6,16,12,64,2,2,0,3,6,0,0,0,0,0,0,1
8341,55,Middle-Aged,non_graduate,Married,30396,Medium,1,0,22,0-30 days,15,0,6,0,1,12,34,2,1,1,2,7,1,0,0,0,0,0,1
948,53,Middle-Aged,Graduate,Single,10245,other_income,1,0,32,31-60 days,4,7,7,6,4,13,41,3,1,2,2,5,0,0,0,0,0,0,0
3479,74,other,Graduate,Single,16813,other_income,0,0,49,31-60 days,4,8,11,12,2,13,50,1,2,0,3,7,1,0,0,0,0,0,0
2613,64,Middle-Aged,non_graduate,Married,54197,Medium,0,1,16,0-30 days,162,6,37,6,13,13,237,2,1,3,6,1,0,0,0,0,0,0,0
4331,46,other,non_graduate,Together,85738,other_income,0,0,41,31-60 days,913,26,376,17,26,13,1371,1,3,6,11,1,0,1,1,0,0,0,0
7987,55,Middle-Aged,Graduate,Married,65747,other_income,0,1,96,More than 90 days,346,17,48,23,13,13,460,4,8,1,6,6,0,1,0,0,0,0,0
7892,55,Middle-Aged,Graduate,Single,18589,other_income,0,0,89,61-90 days,6,4,25,15,12,13,75,2,2,1,3,7,0,0,0,0,0,0,0
5252,55,Middle-Aged,Graduate,Divorced,23910,other_income,1,0,80,61-90 days,16,12,18,7,1,13,67,1,2,0,3,7,0,0,0,0,0,0,0
4764,72,other,non_graduate,Together,40442,Medium,1,1,52,31-60 days,45,12,52,25,22,13,169,4,3,1,4,7,0,0,0,0,0,0,1
9289,45,other,Graduate,Married,36781,Medium,1,0,16,0-30 days,29,1,17,0,3,13,63,1,2,1,2,8,0,0,0,0,0,0,1
10264,45,other,Graduate,Divorced,15287,other_income,1,0,60,31-60 days,1,2,8,4,3,13,31,2,1,1,2,7,1,0,0,0,0,0,1
234,45,other,Graduate,Divorced,15287,other_income,1,0,60,31-60 days,1,2,8,4,3,13,31,2,1,1,2,7,1,0,0,0,0,0,1
8780,74,other,non_graduate,Together,59292,Medium,0,1,71,61-90 days,378,14,68,19,14,14,507,2,3,5,8,3,0,0,0,0,0,0,0
7505,67,Middle-Aged,non_graduate,Married,44155,Medium,1,1,24,0-30 days,22,1,9,0,0,14,46,1,1,1,2,4,0,0,0,0,0,0,0
7254,55,Middle-Aged,Graduate,Together,38361,Medium,1,0,74,61-90 days,39,0,56,20,8,14,137,3,3,1,3,7,0,0,0,0,0,0,0
1177,58,Middle-Aged,non_graduate,Together,49618,Medium,1,1,77,61-90 days,80,3,26,4,2,14,129,4,3,1,3,7,0,0,0,0,0,0,0
2525,50,other,non_graduate,Married,38410,Medium,0,0,65,61-90 days,153,64,123,116,64,14,534,2,5,2,9,6,0,0,0,0,0,0,1
8268,63,Middle-Aged,non_graduate,Married,51371,Medium,0,1,23,0-30 days,352,0,27,10,0,15,404,3,6,1,7,6,0,0,0,0,0,0,0
2564,71,other,Graduate,Together,61278,other_income,0,1,87,61-90 days,111,3,28,2,6,15,165,2,3,1,4,6,0,0,0,0,0,0,0
3850,61,Middle-Aged,non_graduate,Together,14918,other_income,0,1,52,31-60 days,3,3,3,15,4,15,43,1,1,0,3,6,0,0,0,0,0,0,0
2495,50,other,non_graduate,Married,83891,other_income,0,1,24,0-30 days,217,38,350,111,81,15,812,1,4,7,10,1,0,0,0,0,0,0,0
3749,51,Middle-Aged,Graduate,Together,73926,other_income,0,0,54,31-60 days,627,81,556,120.5,81,15,1480.5,1,6,5,12,3,0,0,0,0,0,0,0
760,49,other,non_graduate,Divorced,60554,other_income,1,0,8,0-30 days,588,7,76,110,15,15,811,2,8,4,9,6,0,0,0,0,0,0,0
10741,73,other,non_graduate,Together,47352,Medium,0,1,70,61-90 days,172,12,112,8,0,15,319,4,6,1,5,7,0,0,0,0,0,0,0
4418,41,other,non_graduate,Single,89616,other_income,0,0,36,31-60 days,671,47,556,120.5,81,15,1490.5,1,7,5,12,2,0,0,0,0,0,0,1
7261,53,Middle-Aged,Graduate,Together,34600,Medium,1,1,8,0-30 days,199,33,60,8,3,15,318,5,5,2,5,8,0,0,0,0,0,0,1
2452,53,Middle-Aged,Graduate,Together,34600,Medium,1,1,8,0-30 days,199,33,60,8,3,15,318,5,5,2,5,8,0,0,0,0,0,0,1
6609,58,Middle-Aged,Graduate,Widow,27038,other_income,0,0,64,61-90 days,1,26,25,17,23,15,107,1,3,0,3,9,0,0,0,0,0,0,1
624,40,other,non_graduate,Single,18890,other_income,0,0,5,0-30 days,6,4,1,7,2,15,35,1,0,1,2,6,1,0,0,0,0,0,1
8082,53,Middle-Aged,Graduate,Married,25721,other_income,1,0,75,61-90 days,1,3,6,3,6,15,34,1,1,1,2,7,0,0,0,0,0,0,1
5961,46,other,Graduate,Married,42693,Medium,1,0,29,0-30 days,8,4,20,6,3,16,57,1,1,0,3,5,0,0,0,0,0,0,0
4741,50,other,non_graduate,Married,65463,other_income,1,0,17,0-30 days,391,32,70,21,32,16,562,2,6,2,9,5,0,1,0,0,0,0,0
6424,47,other,Graduate,Together,33178,Medium,1,0,9,0-30 days,12,6,2,11,2,16,49,1,1,0,3,4,0,0,0,0,0,0,0
7530,74,other,non_graduate,Widow,56551,Medium,1,1,48,31-60 days,67,4,32,17,2,16,138,3,2,1,4,4,0,0,0,0,0,0,0
3725,63,Middle-Aged,non_graduate,Single,84865,other_income,0,0,1,0-30 days,1224.625,16,349,43,16,16,1664.625,1,2,4,9,4,0,1,1,1,1,0,1
8029,36,other,non_graduate,Single,90247,other_income,0,0,27,0-30 days,1184,32,352,21,16,16,1621,1,3,4,7,1,0,1,1,1,0,0,1
247,53,Middle-Aged,Graduate,Married,36715,Medium,1,0,16,0-30 days,172,10,125,21,13,16,357,6,7,2,4,9,0,0,0,0,0,0,1
3524,53,Middle-Aged,non_graduate,Single,39763,Medium,1,0,9,0-30 days,80,1,60,4,6,16,167,2,5,1,2,9,0,0,0,0,0,0,1
10837,49,other,Graduate,Married,23957,other_income,1,0,47,31-60 days,2,1,18,20,11,16,68,1,2,0,3,6,0,0,0,0,0,0,1
1241,40,other,non_graduate,Married,14796,other_income,1,0,1,0-30 days,13,3,8,7,4,16,51,2,1,0,3,9,0,0,0,0,0,0,1
940,37,other,Graduate,Single,57100,Medium,1,0,9,0-30 days,158,11,99,15,11,17,311,2,3,2,7,3,0,0,0,0,0,0,0
10629,51,Middle-Aged,non_graduate,Married,51371,Medium,1,0,25,0-30 days,25,3,43,17,4,17,109,3,3,0,3,8,0,0,0,0,0,0,0
460,52,Middle-Aged,non_graduate,Married,79930,other_income,0,0,72,61-90 days,792,81,556,67,51,17,1564,1,3,5,8,2,0,0,0,0,0,0,0
10678,65,Middle-Aged,Graduate,Together,71232,other_income,0,1,91,More than 90 days,653,17,170,34,26,17,917,2,11,2,10,7,0,0,0,0,0,0,0
10084,52,Middle-Aged,Graduate,Married,24434,other_income,2,0,9,0-30 days,3,2,8,20,0,17,50,2,2,1,2,7,0,0,0,0,0,0,0
10032,48,other,Graduate,Divorced,12571,other_income,1,0,86,61-90 days,3,5,14,2,12,17,53,4,3,1,3,6,0,0,0,0,0,0,0
7433,39,other,Graduate,Single,29760,other_income,1,0,87,61-90 days,64,4,68,7,5,17,165,4,3,1,4,8,0,0,0,0,0,0,0
8204,53,Middle-Aged,non_graduate,Married,78041,other_income,0,0,93,More than 90 days,482,35,553,72,81,17,1240,1,4,4,9,2,0,0,0,0,0,0,0
7250,46,other,Graduate,Together,57867,Medium,1,0,48,31-60 days,344,35,178,15,23,17,612,7,7,2,9,6,0,0,0,0,0,0,0
4299,64,Middle-Aged,Graduate,Together,70971,other_income,0,1,28,0-30 days,1001,17,556,93,81,17,1765,7,11,10,5,7,0,0,0,0,0,0,1
7999,69,Middle-Aged,non_graduate,Together,75261,other_income,0,0,17,0-30 days,1224.625,17,413,23,34,17,1728.625,1,5,6,5,2,0,1,1,0,0,0,1
6292,38,other,non_graduate,Married,82333,other_income,0,0,60,31-60 days,1224.625,0,359,46,81,17,1727.625,1,4,3,10,2,0,0,1,0,0,0,1
9493,44,other,non_graduate,Single,76412,other_income,0,0,15,0-30 days,840,53,556,23,71,17,1560,1,5,4,8,3,0,0,1,1,0,0,1
2109,34,other,Graduate,Single,96843,other_income,0,0,60,31-60 days,448,71,556,40,17,17,1149,1,6,10,10,2,0,0,1,0,0,0,1
1619,68,Middle-Aged,Graduate,Married,90369,other_income,0,0,2,0-30 days,292,51,556,120.5,23,17,1059.5,1,4,6,6,1,0,0,0,0,0,0,1
5794,50,other,non_graduate,Married,46374,Medium,0,1,1,0-30 days,408,0,21,0,0,17,446,3,7,1,7,8,0,1,0,1,0,0,1
3710,40,other,non_graduate,Single,39684,Medium,1,0,41,31-60 days,19,0,35,6,4,17,81,2,2,1,2,7,0,0,0,0,0,1,1
6387,48,other,non_graduate,Together,52190,Medium,1,1,39,31-60 days,42,0,17,0,0,18,77,3,2,1,3,5,1,0,0,0,0,0,0
2326,34,other,Graduate,Married,18929,other_income,0,0,15,0-30 days,32,0,8,23,4,18,85,1,1,0,4,6,0,0,0,0,0,0,0
2253,34,other,Graduate,Married,18929,other_income,0,0,15,0-30 days,32,0,8,23,4,18,85,1,1,0,4,6,0,0,0,0,0,0,0
8360,53,Middle-Aged,non_graduate,Married,54690,Medium,1,1,76,61-90 days,111,16,37,7,9,18,198,3,3,1,5,3,0,0,0,0,0,0,0
2611,65,Middle-Aged,non_graduate,Together,82576,other_income,0,0,66,61-90 days,1206,55,445,120.5,18,18,1862.5,1,2,4,12,1,0,0,1,0,0,0,0
8079,42,other,Graduate,Married,22448,other_income,1,0,86,61-90 days,3,1,8,23,2,18,55,3,2,1,3,3,0,0,0,0,0,0,0
1859,52,Middle-Aged,non_graduate,Married,75251,other_income,0,0,34,31-60 days,721,81,556,97,18,18,1491,1,7,6,5,5,0,0,0,0,0,0,1
2426,60,Middle-Aged,non_graduate,Divorced,78825,other_income,0,0,35,31-60 days,483,74,114,120.5,37,18,846.5,1,5,10,13,3,0,0,0,0,0,0,1
1381,42,other,non_graduate,Single,38513,Medium,1,0,20,0-30 days,172,3,115,16,0,18,324,5,6,1,5,8,0,0,0,0,0,0,1
8779,39,other,non_graduate,Married,36145,Medium,1,0,13,0-30 days,56,4,76,17,1,18,172,4,4,1,3,9,1,0,0,0,0,0,1
5320,51,Middle-Aged,non_graduate,Divorced,44051,Medium,1,1,20,0-30 days,79,7,58,6,3,18,171,4,3,1,4,6,0,0,0,0,0,0,1
2521,53,Middle-Aged,non_graduate,Married,35178,Medium,1,0,10,0-30 days,23,1,13,2,2,18,59,1,1,1,2,7,1,0,0,0,0,0,1
4301,53,Middle-Aged,non_graduate,Married,35178,Medium,1,0,10,0-30 days,23,1,13,2,2,18,59,1,1,1,2,7,1,0,0,0,0,0,1
4086,65,Middle-Aged,Graduate,Married,18690,other_income,0,0,77,61-90 days,6,1,7,23,4,19,60,1,1,1,2,8,0,0,0,0,0,0,0
10826,65,Middle-Aged,Graduate,Married,18690,other_income,0,0,77,61-90 days,6,1,7,23,4,19,60,1,1,1,2,8,0,0,0,0,0,0,0
3104,63,Middle-Aged,Graduate,Single,82332,other_income,0,0,89,61-90 days,830,59,556,51,79,19,1594,1,5,3,12,2,0,0,1,0,0,0,1
9220,53,Middle-Aged,Graduate,Single,91700,other_income,0,0,58,31-60 days,576,81,556,120.5,81,19,1433.5,1,8,6,5,3,0,0,0,0,0,0,1
967,48,other,Graduate,Married,46049,Medium,1,1,11,0-30 days,342,9,112,19,14,19,515,10,5,2,9,7,0,0,0,0,0,0,1
955,62,Middle-Aged,non_graduate,Together,47175,Medium,1,1,81,61-90 days,167,2,44,6,2,19,240,7,4,2,4,8,1,0,0,0,0,0,1
6856,45,other,Graduate,Together,21645,other_income,1,0,75,61-90 days,14,0,23,4,5,19,65,3,3,0,3,9,0,0,0,0,0,0,1
6354,40,other,Graduate,Together,15345,other_income,1,0,51,31-60 days,5,2,16,3,2,19,47,2,1,1,2,8,0,0,0,0,0,0,1
1029,54,Middle-Aged,non_graduate,Together,64413,other_income,0,1,27,0-30 days,200,5,44,0,10,20,279,1,5,1,5,5,0,0,0,0,0,0,0
1640,70,Middle-Aged,Graduate,Divorced,64587,other_income,1,1,49,31-60 days,66,0,16,0,6,20,108,2,1,1,4,3,0,0,0,0,0,0,0
6870,65,Middle-Aged,non_graduate,Divorced,68805,other_income,0,1,73,61-90 days,182,2,49,17,13,20,283,1,3,1,7,2,0,0,0,0,0,0,0
332,67,Middle-Aged,Graduate,Married,47743,Medium,0,1,56,31-60 days,198,2,43,0,12,20,275,3,4,1,6,6,0,1,0,0,0,0,0
6365,37,other,non_graduate,Married,30390,Medium,0,0,5,0-30 days,10,12,12,25,1,20,80,1,2,0,3,6,0,0,0,0,0,0,0
5644,67,Middle-Aged,Graduate,Together,42213,Medium,0,1,96,More than 90 days,309,3,24,4,3,20,363,2,5,1,7,7,0,1,0,0,0,0,0
8945,54,Middle-Aged,Graduate,Divorced,54137,Medium,0,1,46,31-60 days,171,0,11,0,1,20,203,2,4,1,4,6,0,0,0,0,0,0,0
313,56,Middle-Aged,Graduate,Widow,73455,other_income,0,0,98,More than 90 days,901,61,556,120.5,81,20,1739.5,1,6,5,10,3,0,1,0,0,0,0,0
10691,64,Middle-Aged,non_graduate,Married,28520,other_income,1,1,55,31-60 days,11,0,10,0,2,20,43,1,1,1,2,6,0,0,0,0,0,0,0
11025,63,Middle-Aged,Graduate,Married,36443,Medium,1,1,9,0-30 days,65,0,46,4,3,20,138,4,3,1,3,8,0,0,0,0,0,0,0
3386,32,other,Graduate,Married,34935,Medium,0,0,71,61-90 days,34,4,66,3,10,20,137,1,2,1,4,7,0,0,0,0,0,0,0
8175,32,other,Graduate,Married,34935,Medium,0,0,71,61-90 days,34,4,66,3,10,20,137,1,2,1,4,7,0,0,0,0,0,0,0
7962,37,other,non_graduate,Single,95169,other_income,0,0,1,0-30 days,1224.625,21,449,106,20,20,1840.625,1,4,3,4,1,0,0,1,1,0,0,1
7627,49,other,non_graduate,Married,92163,other_income,0,0,25,0-30 days,817,81,556,106,81,20,1661,0,5,10,5,2,0,0,1,1,0,0,1
2387,72,other,non_graduate,Together,43776,Medium,1,1,9,0-30 days,177,2,71,3,2,20,275,6,5,2,4,8,0,0,0,0,0,0,1
1506,49,other,Graduate,Single,42160,Medium,1,1,26,0-30 days,48,9,45,3,15,20,140,4,2,1,4,6,0,0,0,0,0,0,1
7660,51,Middle-Aged,non_graduate,Single,35860,Medium,1,1,37,31-60 days,15,0,8,4,2,20,49,2,1,1,2,5,1,0,0,0,0,0,1
1626,51,Middle-Aged,non_graduate,Divorced,35860,Medium,1,1,37,31-60 days,15,0,8,4,2,20,49,2,1,1,2,5,1,0,0,0,0,0,1
309,63,Middle-Aged,non_graduate,Together,63342,other_income,0,1,48,31-60 days,918,21,118,13,10,21,1101,3,8,3,5,6,0,1,0,0,0,0,0
8212,53,Middle-Aged,non_graduate,Married,39791,Medium,0,1,89,61-90 days,85,15,27,13,13,21,174,2,3,1,4,7,0,0,0,0,0,0,0
4599,48,other,non_graduate,Married,49681,Medium,0,2,66,61-90 days,411,0,26,0,0,21,458,6,7,1,7,7,0,0,0,0,0,0,0
500,47,other,Graduate,Together,96876,other_income,0,0,79,61-90 days,908,43,556,40,81,21,1649,1,7,7,9,2,0,1,1,1,0,0,1
3571,63,Middle-Aged,non_graduate,Together,63342,other_income,0,1,48,31-60 days,918,21,118,13,10,21,1101,3,8,3,5,6,0,1,0,0,0,0,1
3478,53,Middle-Aged,non_graduate,Married,60585,other_income,1,1,17,0-30 days,267,42,309,55,42,21,736,10,7,4,9,5,0,0,0,0,0,0,1
9405,70,Middle-Aged,non_graduate,Married,52869,Medium,1,1,40,31-60 days,84,3,61,2,1,21,172,3,3,1,4,7,0,0,0,0,0,0,1
10664,75,other,non_graduate,Widow,51529,Medium,0,1,14,0-30 days,400,4,35,6,0,22,467,2,9,1,5,8,0,0,0,0,0,0,0
1324,36,other,Graduate,Married,38872,Medium,1,0,93,More than 90 days,23,3,21,3,19,22,91,2,3,0,3,8,0,0,0,0,0,0,0
11056,50,other,Graduate,Married,72099,other_income,0,0,18,0-30 days,546,81,410,119,0,22,1178,1,3,4,10,1,0,0,0,0,0,0,0
837,47,other,Graduate,Married,54809,Medium,1,1,0,0-30 days,63,6,57,13,13,22,174,4,2,1,5,4,0,0,0,0,0,0,0
1172,41,other,non_graduate,Married,92491,other_income,0,0,71,61-90 days,979,44,556,29,25,22,1655,1,7,5,12,3,0,1,1,1,0,0,1
999,33,other,Graduate,Single,86037,other_income,0,0,95,More than 90 days,490,44,125,29,20,22,730,1,6,7,11,3,0,1,1,0,0,0,1
10521,47,other,Graduate,Married,54809,Medium,1,1,0,0-30 days,63,6,57,13,13,22,174,4,2,1,5,4,0,0,0,0,0,0,1
4023,54,Middle-Aged,Graduate,Married,22979,other_income,1,0,29,0-30 days,16,17,19,20,21,22,115,3,3,2,2,8,0,0,0,0,0,0,1
10196,46,other,Graduate,Married,71427,other_income,2,0,26,0-30 days,212,81,177,15,64,23,572,2,8,2,8,4,0,0,0,0,0,0,0
10675,68,Middle-Aged,non_graduate,Married,66334,other_income,0,1,82,61-90 days,909,11,218,0,0,23,1161,2,9,3,5,5,0,0,0,0,0,0,1
10446,67,Middle-Aged,non_graduate,Married,82017,other_income,0,0,58,31-60 days,184,23,446,30,23,23,729,1,5,4,7,2,0,1,1,1,0,0,1
6653,54,Middle-Aged,non_graduate,Married,55158,Medium,1,1,72,61-90 days,293,0,87,4,11,23,418,4,7,2,5,7,0,0,0,0,0,0,1
1857,72,other,Graduate,Single,47139,Medium,1,1,2,0-30 days,46,0,12,0,2,23,83,2,2,1,2,7,0,0,0,0,0,0,1
1158,58,Middle-Aged,Graduate,Divorced,48877,Medium,0,1,27,0-30 days,102,1,15,2,0,24,144,1,3,0,4,7,0,0,0,0,0,0,0
3083,50,other,Graduate,Married,45837,Medium,1,1,88,61-90 days,215,13,87,17,17,24,373,5,6,2,5,7,0,0,0,0,0,0,0
2656,53,Middle-Aged,Graduate,Divorced,40851,Medium,1,1,63,61-90 days,23,1,7,0,4,24,59,1,1,1,2,7,0,0,0,0,0,0,0
3570,55,Middle-Aged,non_graduate,Together,42731,Medium,1,0,64,61-90 days,159,2,51,6,2,24,244,3,4,1,5,5,0,0,0,0,0,0,0
2406,75,other,Graduate,Together,54591,Medium,0,1,63,61-90 days,376,4,94,12,9,24,519,3,6,2,8,5,0,0,0,0,0,0,0
5512,47,other,non_graduate,Married,55842,Medium,0,1,19,0-30 days,451,0,39,0,4,24,518,1,7,1,8,5,0,0,0,0,0,0,0
10619,30,other,Graduate,Single,95529,other_income,0,0,29,0-30 days,770,29,556,120.5,27,24,1526.5,1,7,3,7,3,0,0,1,0,0,0,1
1829,63,Middle-Aged,non_graduate,Divorced,54959,Medium,0,1,55,31-60 days,1148,0,60,0,0,24,1232,3,9,5,4,7,0,1,0,0,0,0,1
2574,47,other,non_graduate,Married,61996,other_income,0,1,27,0-30 days,1050,12,144,0,0,24,1230,3,6,4,8,5,0,1,0,1,1,0,1
2130,42,other,Graduate,Together,45203,Medium,2,0,4,0-30 days,35,3,67,10,8,24,147,1,3,1,3,6,0,0,0,0,0,0,1
3885,41,other,non_graduate,Married,33569,Medium,1,0,10,0-30 days,16,2,18,3,0,24,63,1,1,1,2,8,1,0,0,0,0,0,1
10641,46,other,Graduate,Single,7500,other_income,1,1,5,0-30 days,6,5,4,13,4,25,57,4,2,1,3,6,0,0,0,0,0,0,0
738,43,other,non_graduate,Single,42395,Medium,1,1,35,31-60 days,48,13,57,24,15,25,182,4,3,1,4,7,0,0,0,0,0,0,0
263,79,other,non_graduate,Single,45576,Medium,0,0,9,0-30 days,56,19,29,2,14,25,145,1,3,1,3,8,0,0,0,0,0,0,1
7290,39,other,Graduate,Single,70596,other_income,0,0,68,61-90 days,347,44,534,17,0,26,968,1,3,5,12,2,0,0,0,0,0,0,0
6715,76,other,non_graduate,Single,60200,other_income,0,1,3,0-30 days,502,19,132,0,6,26,685,6,6,2,11,6,0,0,0,0,0,0,0
2698,48,other,Graduate,Single,47025,Medium,0,1,52,31-60 days,254,7,108,20,0,26,415,3,6,3,5,6,0,0,0,0,0,0,0
2079,77,other,non_graduate,Married,81044,other_income,0,0,0,0-30 days,450,26,535,73,81,26,1191,1,5,6,10,1,0,0,0,0,0,0,0
550,72,other,Graduate,Divorced,62335,other_income,0,1,87,61-90 days,243,81,217,85,6,26,658,2,3,3,13,2,0,0,0,0,0,0,0
4310,80,other,Graduate,Married,80589,other_income,0,0,25,0-30 days,507,81,520,120.5,40,26,1294.5,1,5,10,5,1,0,0,0,1,0,0,1
10352,61,Middle-Aged,Graduate,Widow,34213,Medium,1,1,2,0-30 days,50,4,28,6,3,26,117,3,3,1,2,9,0,0,0,0,0,0,1
4487,55,Middle-Aged,non_graduate,Single,39858,Medium,1,0,67,61-90 days,15,20,25,2,7,26,95,1,2,0,4,6,0,0,0,0,0,0,1
3706,46,other,Graduate,Single,28647,other_income,1,0,54,31-60 days,19,8,29,0,12,26,94,1,2,2,2,7,1,0,0,0,0,0,1
5740,54,Middle-Aged,non_graduate,Divorced,25959,other_income,1,1,1,0-30 days,4,2,12,7,5,26,56,2,1,2,2,6,0,0,0,0,0,0,1
7124,56,Middle-Aged,Graduate,Divorced,36997,Medium,1,1,72,61-90 days,43,4,12,8,0,27,94,5,2,1,4,5,0,0,0,0,0,0,0
2286,62,Middle-Aged,Graduate,Single,50785,Medium,1,1,27,0-30 days,64,1,21,0,1,27,114,2,2,1,3,6,0,0,0,0,0,0,0
203,49,other,non_graduate,Single,81169,other_income,0,0,47,31-60 days,1224.625,20,556,80,61,27,1968.625,1,5,7,9,2,0,0,0,0,0,0,0
4286,54,Middle-Aged,non_graduate,Single,57642,Medium,0,1,24,0-30 days,580,6,58,8,0,27,679,3,7,6,6,4,1,0,0,0,0,0,0
5538,49,other,Graduate,Divorced,83829,other_income,0,0,78,61-90 days,897,81,430,120.5,81,27,1636.5,0,4,7,6,1,1,0,1,1,0,0,1
3910,49,other,Graduate,Divorced,83829,other_income,0,0,78,61-90 days,897,81,430,120.5,81,27,1636.5,0,4,7,6,1,1,0,1,1,0,0,1
3138,68,Middle-Aged,Graduate,Single,91249,other_income,0,0,84,61-90 days,1224.625,27,119,71,81,27,1549.625,0,7,9,6,4,0,1,1,1,1,0,1
5153,57,Middle-Aged,non_graduate,Married,77766,other_income,0,1,97,More than 90 days,1004,59,265,115,59,27,1529,2,11,10,11,6,1,0,0,0,0,0,1
4127,57,Middle-Aged,non_graduate,Married,77766,other_income,0,1,97,More than 90 days,1004,59,265,115,59,27,1529,2,11,10,11,6,1,0,0,0,0,0,1
749,43,other,Graduate,Together,42162,Medium,1,0,31,31-60 days,46,7,59,2,4,27,145,2,3,1,3,6,1,0,0,0,0,0,1
7736,38,other,Graduate,Married,22518,other_income,1,0,36,31-60 days,11,7,12,2,2,27,61,2,2,1,2,5,1,0,0,0,0,0,1
10102,58,Middle-Aged,Graduate,Widow,79946,other_income,0,0,19,0-30 days,395,81,556,120.5,81,28,1261.5,1,5,10,5,3,0,0,0,0,0,0,0
7053,58,Middle-Aged,non_graduate,Single,78420,other_income,0,0,75,61-90 days,604,28,556,91,28,28,1335,1,3,10,8,1,0,0,0,0,0,0,0
5204,53,Middle-Aged,Graduate,Together,74538,other_income,0,0,21,0-30 days,380,81,556,110,81,28,1236,1,8,8,5,3,0,0,1,0,0,0,1
1048,52,Middle-Aged,non_graduate,Married,35641,Medium,1,0,11,0-30 days,63,3,67,8,9,28,178,2,3,1,4,7,0,0,0,0,0,0,1
9671,56,Middle-Aged,Graduate,Married,19514,other_income,1,1,47,31-60 days,14,3,21,2,1,28,69,4,3,1,2,8,1,0,0,0,0,0,1
1092,44,other,Graduate,Married,61014,other_income,0,1,17,0-30 days,269,81,495,120.5,43,29,1037.5,4,9,3,4,7,0,0,0,0,0,0,0
9483,65,Middle-Aged,Graduate,Together,57957,Medium,0,1,24,0-30 days,290,59,177,77,5,29,637,7,4,6,8,3,0,0,0,0,0,1,0
10827,57,Middle-Aged,non_graduate,Married,36947,Medium,1,1,49,31-60 days,88,3,21,4,1,29,146,4,3,0,4,9,0,0,0,0,0,0,0
3483,66,Middle-Aged,Graduate,Married,48192,Medium,0,0,76,61-90 days,1039,43,204,120.5,58,29,1493.5,3,2,8,12,8,0,1,0,1,1,0,1
2125,65,Middle-Aged,Graduate,Divorced,63033,other_income,0,0,82,61-90 days,194,61,480,120.5,81,30,966.5,1,3,4,8,2,0,0,0,0,0,0,0
7381,56,Middle-Aged,Graduate,Divorced,75693,other_income,0,0,10,0-30 days,797,81,293,72,81,30,1354,1,11,4,6,4,0,1,1,1,0,0,1
9595,63,Middle-Aged,Graduate,Together,64260,other_income,0,0,1,0-30 days,539,81,556,20,0,30,1226,1,4,5,4,3,0,0,0,0,0,0,1
6931,57,Middle-Aged,Graduate,Divorced,76982,other_income,0,0,19,0-30 days,464,81,292,65,60,30,992,1,8,3,4,4,0,0,1,0,0,0,1
195,52,Middle-Aged,Graduate,Single,38808,Medium,1,0,21,0-30 days,125,17,52,3,19,30,246,4,5,1,4,8,1,0,0,0,0,0,1
4376,64,Middle-Aged,non_graduate,Single,32218,Medium,0,0,27,0-30 days,10,24,15,13,1,30,93,1,2,1,3,7,1,0,0,0,0,0,1
3865,47,other,non_graduate,Together,20981,other_income,0,0,14,0-30 days,2,12,10,6,13,30,73,1,3,1,2,8,0,0,0,0,0,0,1
4992,49,other,non_graduate,Together,17459,other_income,1,0,12,0-30 days,6,4,16,3,10,30,69,3,3,1,2,7,0,0,0,0,0,0,1
10841,49,other,non_graduate,Together,56559,Medium,0,1,46,31-60 days,226,22,133,41,31,31,484,3,4,3,8,4,0,0,0,0,0,0,0
9648,57,Middle-Aged,Graduate,Single,46904,Medium,1,1,20,0-30 days,153,4,56,0,9,31,253,4,5,1,4,8,0,0,0,0,0,0,0
2939,54,Middle-Aged,non_graduate,Together,79419,other_income,0,0,96,More than 90 days,751,81,556,20,15,31,1454,1,4,6,4,2,0,0,0,0,0,0,0
8395,63,Middle-Aged,Graduate,Single,82014,other_income,0,0,48,31-60 days,980,37,265,35,81,31,1429,1,3,6,12,6,0,0,0,0,0,0,1
4042,53,Middle-Aged,Graduate,Divorced,43300,Medium,0,1,87,61-90 days,91,3,52,2,1,31,180,3,4,0,4,8,0,0,0,0,0,0,1
10010,71,other,non_graduate,Divorced,36957,Medium,1,1,43,31-60 days,100,2,16,2,1,31,152,4,3,2,2,9,0,0,0,0,0,0,1
6379,75,other,non_graduate,Widow,47570,Medium,1,1,3,0-30 days,67,1,20,0,2,31,121,3,2,2,2,7,0,0,0,0,0,0,1
6770,39,other,Graduate,Married,21355,other_income,1,0,5,0-30 days,5,13,14,0,5,31,68,2,2,1,2,6,1,0,0,0,0,0,1
48,60,Middle-Aged,Graduate,Together,55761,Medium,0,1,97,More than 90 days,136,1,12,0,3,32,184,2,4,1,3,6,0,1,0,0,0,0,0
8432,68,Middle-Aged,Graduate,Together,54450,Medium,1,1,0,0-30 days,454,0,171,8,19,32,684,12,9,2,8,8,0,0,0,0,0,0,0
7301,42,other,non_graduate,Single,23616,other_income,1,0,76,61-90 days,4,22,11,3,7,32,79,2,3,0,3,8,0,0,0,0,0,0,1
4692,48,other,Graduate,Married,7500,other_income,1,0,19,0-30 days,7,0,12,13,7,32,71,5,4,1,2,9,1,0,0,0,0,0,1
4790,66,Middle-Aged,Graduate,Divorced,79803,other_income,0,1,54,31-60 days,574,8,216,21,16,33,868,1,4,3,5,1,0,0,0,0,0,0,0
2712,68,Middle-Aged,Graduate,Married,71866,other_income,0,1,85,61-90 days,184,81,178,103,39,33,618,1,6,3,10,3,0,0,0,0,0,0,0
1763,36,other,Graduate,Together,87679,other_income,0,0,62,61-90 days,1224.625,81,556,97,81,33,2072.625,1,7,10,10,4,1,0,1,1,0,0,1
3074,40,other,non_graduate,Married,70643,other_income,0,0,66,61-90 days,1218,81,304,23,81,33,1740,1,5,8,4,6,0,0,0,0,0,0,1
3174,65,Middle-Aged,Graduate,Together,87771,other_income,0,1,61,61-90 days,1224.625,38,287,50,57,33,1689.625,1,5,10,4,6,0,1,1,1,1,0,1
5536,65,Middle-Aged,Graduate,Together,87771,other_income,0,1,61,61-90 days,1224.625,38,287,50,57,33,1689.625,1,5,10,4,6,0,1,1,1,1,0,1
10307,68,Middle-Aged,Graduate,Married,50387,Medium,0,2,91,More than 90 days,369,9,87,12,14,34,525,3,6,2,8,5,0,0,0,0,0,0,0
807,55,Middle-Aged,non_graduate,Together,44602,Medium,1,1,35,31-60 days,167,2,89,0,0,34,292,6,6,1,4,8,0,0,0,0,0,0,0
2781,43,other,Graduate,Single,72066,other_income,0,0,55,31-60 days,1003,34,536,120.5,51,34,1778.5,1,4,6,6,2,0,0,1,1,0,0,1
873,75,other,non_graduate,Married,62845,other_income,1,1,3,0-30 days,1099,0,45,0,0,34,1178,11,3,4,10,8,0,1,0,0,0,0,1
2072,55,Middle-Aged,non_graduate,Together,53374,Medium,0,1,34,31-60 days,896,10,101,13,10,34,1064,6,4,2,9,9,1,0,0,0,0,0,1
5092,75,other,non_graduate,Widow,51569,Medium,0,1,39,31-60 days,380,0,47,6,0,34,467,4,7,1,7,8,0,1,0,0,0,0,1
4452,67,Middle-Aged,Graduate,Single,50388,Medium,0,1,3,0-30 days,292,6,37,0,3,34,372,4,6,1,6,7,0,1,0,1,0,0,1
5371,35,other,Graduate,Single,21474,other_income,1,0,0,0-30 days,6,16,24,11,0,34,91,2,3,1,2,7,1,0,0,0,0,0,1
7573,46,other,non_graduate,Single,31626,Medium,1,0,12,0-30 days,39,1,9,2,1,34,86,1,2,1,2,7,1,0,0,0,0,0,1
3427,69,Middle-Aged,non_graduate,Married,59821,Medium,0,1,11,0-30 days,629,0,70,0,0,35,734,6,11,2,7,8,0,0,0,0,0,0,0
8588,63,Middle-Aged,Graduate,Married,60544,other_income,1,1,92,More than 90 days,201,2,43,3,5,35,289,4,5,1,5,6,0,0,0,0,0,0,0
1142,71,other,non_graduate,Married,55707,Medium,0,1,91,More than 90 days,208,7,82,30,66,35,428,2,3,2,9,3,0,0,0,0,0,0,0
713,47,other,non_graduate,Married,50353,Medium,0,0,72,61-90 days,141,15,153,67,31,35,442,1,4,4,6,3,0,0,0,0,0,0,0
7129,62,Middle-Aged,non_graduate,Married,54693,Medium,0,1,72,61-90 days,686,17,142,23,26,35,929,8,6,4,13,6,0,0,0,0,0,0,0
5113,53,Middle-Aged,non_graduate,Divorced,86979,other_income,0,0,67,61-90 days,584,81,556,65,81,35,1402,1,5,5,5,2,1,0,0,0,0,0,1
1162,37,other,non_graduate,Single,42000,Medium,0,0,23,0-30 days,124,81,267,85,59,35,651,2,5,2,11,5,0,0,0,0,0,0,1
10643,37,other,non_graduate,Single,42000,Medium,0,0,23,0-30 days,124,81,267,85,59,35,651,2,5,2,11,5,0,0,0,0,0,0,1
8213,44,other,non_graduate,Together,14515,other_income,1,0,71,61-90 days,6,4,9,6,36,35,96,4,2,2,3,7,0,0,0,0,0,0,1
5286,37,other,non_graduate,Single,41020,Medium,0,0,68,61-90 days,112,1,54,7,7,36,217,1,3,2,4,3,0,0,0,0,0,0,0
4673,61,Middle-Aged,non_graduate,Married,81300,other_income,0,1,17,0-30 days,1004,12,145,32,12,36,1241,3,10,3,5,5,0,0,0,1,0,0,1
3945,77,other,non_graduate,Widow,68117,other_income,0,1,80,61-90 days,618,44,215,0,17,36,930,2,11,8,4,6,1,0,0,0,0,0,1
10478,74,other,non_graduate,Married,55517,Medium,1,1,53,31-60 days,483,0,108,0,6,36,633,5,11,1,6,9,0,0,0,0,0,0,1
942,42,other,Graduate,Single,39660,Medium,1,0,36,31-60 days,139,13,78,20,13,36,299,3,7,1,3,9,0,0,0,0,0,0,1
2804,49,other,non_graduate,Single,46098,Medium,1,1,86,61-90 days,57,0,27,0,0,36,120,4,3,2,2,8,0,0,0,0,0,0,1
1990,50,other,non_graduate,Single,63159,other_income,0,0,74,61-90 days,965,34,556,89,81,37,1762,1,3,5,8,3,1,0,0,0,0,0,0
1137,60,Middle-Aged,Graduate,Single,81246,other_income,0,0,87,61-90 days,398,81,537,61,81,37,1195,1,4,5,7,1,1,0,0,1,0,0,0
10150,63,Middle-Aged,Graduate,Single,86429,other_income,0,0,10,0-30 days,464,28,556,29,18,37,1132,0,7,4,7,2,0,0,0,1,0,0,1
1,63,Middle-Aged,Graduate,Single,57091,Medium,0,0,0,0-30 days,464,5,64,7,0,37,577,1,7,3,7,5,0,0,0,0,1,0,1
7453,70,Middle-Aged,Graduate,Single,36130,Medium,0,1,46,31-60 days,157,43,127,68,56,37,488,6,3,8,4,4,1,0,0,0,0,0,1
10172,36,other,Graduate,Single,68655,other_income,0,0,95,More than 90 days,456,19,556,75,81,38,1225,1,4,5,11,3,0,0,0,0,0,0,0
6729,36,other,Graduate,Single,68655,other_income,0,0,95,More than 90 days,456,19,556,75,81,38,1225,1,4,5,11,3,0,0,0,0,0,0,0
5048,53,Middle-Aged,non_graduate,Single,42767,Medium,2,0,53,31-60 days,20,6,43,19,5,38,131,1,3,1,2,8,0,0,0,0,0,0,0
9940,66,Middle-Aged,Graduate,Together,64961,other_income,0,1,97,More than 90 days,382,81,276,75,81,38,933,2,6,4,4,3,0,0,0,0,0,0,0
7793,48,other,Graduate,Together,62061,other_income,0,1,12,0-30 days,641,7,84,0,30,38,800,3,10,4,7,6,0,1,0,0,0,0,0
7451,64,Middle-Aged,non_graduate,Single,98777,other_income,0,0,23,0-30 days,1000,19,556,120.5,81,38,1814.5,0,4,6,9,1,0,1,0,0,0,0,0
10163,40,other,non_graduate,Single,82733,other_income,0,0,28,0-30 days,712,50,420,65,38,38,1323,1,8,4,7,4,0,0,0,0,0,0,1
9369,45,other,non_graduate,Single,88194,other_income,0,1,19,0-30 days,688,14,309,120.5,24,38,1193.5,1,11,10,10,5,1,0,0,1,0,0,1
8908,65,Middle-Aged,Graduate,Married,87195,other_income,0,0,35,31-60 days,217,76,556,50,26,38,963,1,3,10,5,1,0,0,0,0,0,0,1
10473,68,Middle-Aged,non_graduate,Widow,78028,other_income,0,1,38,31-60 days,158,19,288,25,0,38,528,1,6,4,9,7,0,1,1,0,0,0,1
6673,59,Middle-Aged,Graduate,Single,23478,other_income,0,0,51,31-60 days,28,6,27,12,17,39,129,1,3,0,3,8,0,0,0,0,0,0,0
2278,39,other,non_graduate,Single,33812,Medium,1,0,86,61-90 days,4,17,19,30,24,39,133,2,2,1,3,6,0,0,0,0,0,0,0
2894,39,other,Graduate,Single,72903,other_income,0,0,74,61-90 days,1067,81,556,0,19,39,1762,1,7,5,8,4,0,1,1,1,0,0,1
3584,69,Middle-Aged,non_graduate,Single,49667,Medium,0,0,35,31-60 days,1181,26,120,17,13,39,1396,2,5,10,5,8,1,0,0,0,0,0,1
6798,58,Middle-Aged,Graduate,Single,37070,Medium,1,1,30,0-30 days,231,7,137,4,15,39,433,9,5,1,8,7,0,0,0,0,0,0,1
4168,58,Middle-Aged,Graduate,Single,37070,Medium,1,1,30,0-30 days,231,7,137,4,15,39,433,9,5,1,8,7,0,0,0,0,0,0,1
3887,54,Middle-Aged,Graduate,Single,27242,other_income,1,0,2,0-30 days,3,17,26,20,1,39,106,2,2,0,3,9,0,0,0,0,0,0,1
1726,54,Middle-Aged,Graduate,Single,22585,other_income,0,0,23,0-30 days,3,9,15,13,2,39,81,1,1,1,2,9,1,0,0,0,0,0,1
2926,72,other,non_graduate,Together,55951,Medium,0,1,62,61-90 days,1224.625,0,80,0,13,40,1357.625,3,3,6,11,8,0,1,0,0,1,0,0
7761,46,other,non_graduate,Together,38702,Medium,1,0,71,61-90 days,13,11,24,13,8,40,109,2,3,0,4,6,0,0,0,0,0,0,0
3690,38,other,non_graduate,Married,80141,other_income,0,0,20,0-30 days,1184,81,556,52,40,40,1953,1,7,4,10,6,0,0,1,0,0,0,1
9826,52,Middle-Aged,non_graduate,Single,86857,other_income,0,0,96,More than 90 days,899,81,556,120.5,81,40,1777.5,1,5,6,10,2,0,0,0,0,0,0,1
5830,52,Middle-Aged,non_graduate,Single,86857,other_income,0,0,96,More than 90 days,899,81,556,120.5,81,40,1777.5,1,5,6,10,2,0,0,0,0,0,0,1
10383,58,Middle-Aged,Graduate,Divorced,70287,other_income,0,0,30,0-30 days,295,35,482,120.5,81,40,1053.5,1,5,5,10,3,0,0,0,0,0,0,1
8443,52,Middle-Aged,Graduate,Single,24762,other_income,1,0,16,0-30 days,6,10,12,3,15,40,86,3,3,1,2,8,1,0,0,0,0,0,1
2404,48,other,Graduate,Married,53359,Medium,1,1,4,0-30 days,173,4,30,3,6,41,257,4,5,1,4,7,0,0,0,0,0,0,0
10341,76,other,Graduate,Together,51315,Medium,0,0,45,31-60 days,68,28,39,16,30,41,222,1,2,2,5,2,0,0,0,0,0,0,0
5015,48,other,non_graduate,Married,34529,Medium,1,0,94,More than 90 days,68,6,38,3,6,41,162,2,2,2,3,7,0,0,0,0,0,0,0
3262,66,Middle-Aged,Graduate,Single,68281,other_income,0,0,31,31-60 days,995,81,417,42,48,41,1624,1,2,9,13,5,0,0,0,0,0,0,1
10299,55,Middle-Aged,non_graduate,Single,48240,Medium,0,0,73,61-90 days,389,81,248,64,49,41,872,3,6,3,13,5,0,0,0,0,0,0,1
5995,62,Middle-Aged,Graduate,Divorced,39552,Medium,1,1,54,31-60 days,165,3,147,4,24,41,384,7,6,2,5,8,0,0,0,0,0,0,1
9460,61,Middle-Aged,Graduate,Married,22419,other_income,0,0,74,61-90 days,30,3,47,19,21,42,162,1,3,2,2,8,0,0,0,0,0,0,0
4148,52,Middle-Aged,Graduate,Married,38988,Medium,1,2,90,61-90 days,164,24,103,12,3,42,348,7,5,1,6,8,0,0,0,0,0,0,0
10430,51,Middle-Aged,Graduate,Divorced,89694,other_income,1,1,22,0-30 days,1126,28,211,37,28,42,1472,3,4,3,4,5,0,1,1,1,0,0,0
9120,62,Middle-Aged,Graduate,Single,66565,other_income,0,1,80,61-90 days,747,10,161,65,40,42,1065,4,4,2,9,8,0,0,0,0,0,0,0
1388,49,other,Graduate,Single,33249,Medium,1,0,11,0-30 days,6,10,21,19,14,42,112,2,2,1,3,6,0,0,0,0,0,0,0
8732,55,Middle-Aged,non_graduate,Widow,67369,other_income,0,1,81,61-90 days,1224.625,0,70,37,14,42,1387.625,4,7,4,10,4,0,1,1,0,0,0,1
10240,75,other,Graduate,Together,69372,other_income,0,0,10,0-30 days,997,26,269,34,13,42,1381,1,10,4,6,4,0,1,1,0,0,0,1
9323,75,other,non_graduate,Together,49912,Medium,0,1,5,0-30 days,520,8,223,32,49,42,874,4,10,5,7,8,1,0,0,0,0,0,1
1146,75,other,non_graduate,Together,49912,Medium,0,1,5,0-30 days,520,8,223,32,49,42,874,4,10,5,7,8,1,0,0,0,0,0,1
2968,81,other,non_graduate,Divorced,48948,Medium,0,0,53,31-60 days,437,8,206,120.5,49,42,862.5,2,7,10,5,6,1,0,0,0,0,0,1
8800,81,other,non_graduate,Divorced,48948,Medium,0,0,53,31-60 days,437,8,206,120.5,49,42,862.5,2,7,10,5,6,1,0,0,0,0,0,1
1041,51,Middle-Aged,non_graduate,Single,48432,Medium,0,1,3,0-30 days,322,3,50,4,3,42,424,5,7,1,6,8,0,0,0,0,0,0,1
11133,51,Middle-Aged,non_graduate,Single,48432,Medium,0,1,3,0-30 days,322,3,50,4,3,42,424,5,7,1,6,8,0,0,0,0,0,0,1
7349,51,Middle-Aged,non_graduate,Together,9722,other_income,1,0,7,0-30 days,6,17,16,6,16,42,103,4,3,1,3,8,0,0,0,0,0,0,1
454,44,other,Graduate,Together,69508,other_income,1,0,48,31-60 days,824,32,162,42,32,43,1135,2,11,4,11,6,0,0,0,0,0,0,0
6246,71,other,Graduate,Single,73892,other_income,0,0,40,31-60 days,703,81,556,0,58,43,1441,1,3,10,8,1,0,0,0,0,0,0,1
7348,66,Middle-Aged,non_graduate,Single,71691,other_income,0,0,0,0-30 days,336,81,411,120.5,32,43,1023.5,1,4,7,5,2,0,0,0,0,0,0,1
7373,72,other,non_graduate,Divorced,46610,Medium,0,2,8,0-30 days,96,12,96,33,22,43,302,6,4,1,6,6,0,0,0,0,0,0,1
3517,72,other,Graduate,Single,40887,Medium,1,1,32,31-60 days,50,4,44,10,10,43,161,3,3,1,3,9,0,0,0,0,0,0,1
3032,40,other,Graduate,Married,24570,other_income,1,0,97,More than 90 days,28,34,62,11,14,44,193,3,4,0,4,9,0,0,0,0,0,0,0
9606,59,Middle-Aged,non_graduate,Married,69969,other_income,0,0,64,61-90 days,882,29,514,38,29,44,1536,1,4,2,6,3,0,0,1,1,0,0,1
3667,55,Middle-Aged,Graduate,Married,80952,other_income,0,0,20,0-30 days,778,81,556,41,27,44,1527,1,8,5,11,8,0,1,1,1,0,0,1
4122,49,other,Graduate,Married,79205,other_income,0,0,73,61-90 days,504,23,117,120.5,28,44,836.5,1,6,5,4,4,0,0,0,1,0,0,1
7352,67,Middle-Aged,Graduate,Married,55267,Medium,0,1,28,0-30 days,161,28,136,32,3,45,405,4,3,4,6,3,0,0,0,0,0,0,0
4500,33,other,non_graduate,Together,68682,other_income,0,0,56,31-60 days,919,0,505,99,30,45,1598,1,4,9,10,2,0,0,0,0,0,0,0
7718,77,other,non_graduate,Together,66000,other_income,0,0,36,31-60 days,244,51,270,101,0,45,711,1,1,3,5,1,0,0,0,0,0,0,0
4058,69,Middle-Aged,non_graduate,Single,61284,other_income,0,0,76,61-90 days,618,15,106,20,7,45,811,1,11,2,8,6,0,1,0,0,0,0,0
3428,33,other,non_graduate,Together,68682,other_income,0,0,56,31-60 days,919,0,505,99,30,45,1598,1,4,9,10,2,0,0,0,0,0,0,0
10133,54,Middle-Aged,Graduate,Single,93790,other_income,0,0,16,0-30 days,1224.625,68,556,89,81,45,2063.625,0,6,7,12,2,0,1,1,1,0,0,1
2114,78,other,non_graduate,Single,82800,other_income,0,0,23,0-30 days,1006,22,115,59,68,45,1315,1,7,6,12,3,0,0,1,1,0,0,1
4261,78,other,non_graduate,Single,82800,other_income,0,0,23,0-30 days,1006,22,115,59,68,45,1315,1,7,6,12,3,0,0,1,1,0,0,1
1524,41,other,non_graduate,Single,81698,other_income,0,0,1,0-30 days,709,45,115,30,81,45,1025,1,8,2,5,5,0,0,0,1,0,0,1
10955,60,Middle-Aged,Graduate,Widow,85620,other_income,0,0,68,61-90 days,416,46,556,60,81,46,1205,1,3,6,4,1,0,0,0,0,0,0,1
5758,42,other,Graduate,Married,65169,other_income,0,0,23,0-30 days,1074,0,69,0,0,46,1189,1,10,4,13,6,1,0,1,1,1,0,1
2570,56,Middle-Aged,Graduate,Together,56534,Medium,0,1,35,31-60 days,691,7,61,10,0,46,815,4,10,4,7,8,0,1,0,0,1,0,1
3225,40,other,non_graduate,Married,42207,Medium,1,0,71,61-90 days,116,11,72,3,17,46,265,4,4,1,5,6,1,0,0,0,0,0,1
6050,49,other,non_graduate,Married,57036,Medium,0,1,33,31-60 days,1171,43,219,19,14,47,1513,4,6,3,13,9,1,0,0,0,0,0,0
7384,73,other,non_graduate,Together,39767,Medium,0,0,18,0-30 days,113,61,204,34,26,47,485,2,7,1,7,8,0,0,0,0,0,0,0
9504,75,other,non_graduate,Married,81698,other_income,0,0,4,0-30 days,179,28,520,111,81,47,966,1,3,8,13,1,0,0,0,0,0,0,1
3933,44,other,Graduate,Together,44010,Medium,1,0,46,31-60 days,186,36,234,86,72,48,662,6,10,2,6,9,0,0,0,0,0,0,0
2930,46,other,non_graduate,Single,68092,other_income,0,0,7,0-30 days,852,60,207,78,36,48,1281,2,2,6,10,5,0,0,0,0,0,0,0
849,71,other,non_graduate,Together,56129,Medium,0,1,65,61-90 days,320,48,133,39,72,48,660,4,6,2,10,4,0,0,0,0,0,0,0
9360,42,other,Graduate,Married,37040,Medium,0,0,41,31-60 days,86,2,73,69,38,48,316,1,4,2,5,8,0,0,0,0,0,0,0
6184,55,Middle-Aged,non_graduate,Married,68462,other_income,0,0,6,0-30 days,561,64,556,84,81,48,1394,1,3,3,8,1,0,0,0,0,0,0,0
641,57,Middle-Aged,Graduate,Single,52074,Medium,0,1,77,61-90 days,59,0,12,0,0,48,119,1,2,2,2,4,1,0,0,0,0,0,0
6248,77,other,non_graduate,Single,91712,other_income,0,0,47,31-60 days,1224.625,24,556,94,29,48,1975.625,0,9,7,11,3,0,0,1,0,0,0,1
830,37,other,non_graduate,Single,74004,other_income,0,0,5,0-30 days,784,48,556,42,81,48,1559,1,4,6,4,3,0,0,1,1,0,0,1
1087,49,other,non_graduate,Together,22669,other_income,1,0,30,0-30 days,16,14,36,37,22,48,173,3,4,1,2,9,0,0,0,0,0,0,1
1044,71,other,Graduate,Together,58398,Medium,0,0,44,31-60 days,299,5,201,21,21,49,596,3,5,4,8,4,0,0,0,0,0,0,0
5636,61,Middle-Aged,Graduate,Single,30983,Medium,0,0,50,31-60 days,51,4,50,12,1,49,167,1,4,0,3,8,0,0,0,0,0,0,1
9097,68,Middle-Aged,Graduate,Divorced,46086,Medium,0,1,34,31-60 days,244,8,32,7,2,50,343,4,3,1,8,4,0,0,0,0,0,0,0
11084,48,other,non_graduate,Together,65104,other_income,0,1,4,0-30 days,738,0,232,13,20,50,1053,2,3,5,7,7,0,0,0,0,0,0,1
3340,47,other,Graduate,Married,42014,Medium,1,0,56,31-60 days,244,15,108,4,15,50,436,6,7,1,6,8,0,0,0,0,0,0,1
8685,47,other,Graduate,Married,42014,Medium,1,0,56,31-60 days,244,15,108,4,15,50,436,6,7,1,6,8,0,0,0,0,0,0,1
9909,28,other,non_graduate,Married,7500,other_income,0,0,24,0-30 days,3,18,14,15,22,50,122,3,3,1,3,9,0,0,0,0,0,0,1
7503,48,other,Graduate,Single,75825,other_income,0,0,40,31-60 days,1032,81,556,120.5,81,51,1921.5,0,5,8,9,4,1,0,0,0,0,0,1
8545,70,Middle-Aged,Graduate,Divorced,85683,other_income,0,0,6,0-30 days,1224.625,17,311,45,69,51,1717.625,1,2,4,10,1,0,1,1,1,1,0,1
3979,41,other,non_graduate,Divorced,90687,other_income,0,0,98,More than 90 days,982,17,556,23,34,51,1663,1,6,2,8,2,0,0,1,0,0,0,1
1618,59,Middle-Aged,Graduate,Together,56046,Medium,0,0,9,0-30 days,577,0,64,0,0,51,692,2,10,1,8,8,1,0,0,0,0,0,1
3254,53,Middle-Aged,Graduate,Married,70886,other_income,1,0,65,61-90 days,407,70,239,103,81,53,953,1,5,4,4,2,0,0,0,0,0,0,0
8537,75,other,Graduate,Widow,72643,other_income,0,0,60,31-60 days,526,80,553,120.5,81,53,1413.5,1,3,10,7,2,0,0,0,1,0,0,1
5332,64,Middle-Aged,non_graduate,Married,82504,other_income,0,0,2,0-30 days,362,50,431,120.5,35,54,1052.5,1,3,6,7,1,0,0,0,0,0,0,0
7822,48,other,Graduate,Together,54058,Medium,0,1,56,31-60 days,198,18,252,32,81,54,635,2,4,6,8,3,0,0,0,0,0,0,0
2736,46,other,Graduate,Married,73807,other_income,0,1,88,61-90 days,366,81,156,71,78,54,806,2,5,5,11,2,0,0,0,0,0,0,0
7972,69,Middle-Aged,Graduate,Single,72906,other_income,0,0,79,61-90 days,400,32,519,71,75,54,1151,1,3,4,9,1,0,0,0,0,0,0,0
3762,38,other,non_graduate,Single,69867,other_income,0,0,30,0-30 days,196,0,512,33,81,54,876,1,3,5,8,1,0,0,0,1,0,0,1
10281,54,Middle-Aged,Graduate,Divorced,64713,other_income,1,0,11,0-30 days,180,60,241,13,54,54,602,2,5,5,7,4,0,0,0,0,0,0,1
10949,61,Middle-Aged,non_graduate,Divorced,72968,other_income,0,0,8,0-30 days,1092,37,556,120.5,37,55,1897.5,1,5,5,8,3,0,0,0,1,0,0,1
4278,41,other,non_graduate,Single,87188,other_income,0,0,73,61-90 days,910,81,556,49,74,55,1725,1,10,2,6,3,0,0,0,0,0,0,1
3807,69,Middle-Aged,Graduate,Together,59925,Medium,0,1,83,61-90 days,473,21,176,19,21,56,766,3,9,2,9,6,0,0,0,0,0,0,0
8210,49,other,non_graduate,Married,54730,Medium,0,1,64,61-90 days,318,3,17,4,7,56,405,5,4,1,8,4,0,0,0,0,0,0,0
3520,34,other,non_graduate,Single,91172,other_income,0,0,94,More than 90 days,162,28,556,0,28,56,830,0,4,3,7,3,1,0,1,1,1,0,1
8318,45,other,Graduate,Together,90300,other_income,0,0,7,0-30 days,594,81,556,33,81,57,1402,0,5,6,8,1,0,0,1,0,0,0,0
3900,52,Middle-Aged,Graduate,Married,65685,other_income,0,1,54,31-60 days,642,14,49,0,7,57,769,1,9,2,9,5,0,0,0,0,0,0,0
9907,55,Middle-Aged,non_graduate,Together,66476,other_income,0,1,80,61-90 days,742,28,152,25,9,57,1013,2,6,8,10,4,0,0,0,0,0,0,0
8026,72,other,Graduate,Married,62998,other_income,0,1,10,0-30 days,120,58,73,65,81,58,455,5,5,4,5,5,0,0,0,0,0,0,0
7832,65,Middle-Aged,non_graduate,Married,77520,other_income,0,1,30,0-30 days,940,44,396,0,81,58,1519,1,8,7,7,4,1,0,1,1,0,0,1
3507,54,Middle-Aged,Graduate,Single,76467,other_income,1,0,44,31-60 days,676,81,426,120.5,44,58,1405.5,2,2,5,5,6,0,0,0,0,0,0,1
2798,47,other,non_graduate,Together,102160,other_income,0,0,54,31-60 days,763,29,138,76,81,58,1145,0,7,9,10,4,0,1,1,1,0,0,1
8939,65,Middle-Aged,Graduate,Divorced,61250,other_income,0,1,49,31-60 days,382,81,65,60,26,59,673,6,5,2,12,5,0,0,0,0,0,0,0
2118,60,Middle-Aged,non_graduate,Married,62905,other_income,0,1,68,61-90 days,166,75,96,119,81,59,596,3,7,2,8,4,0,0,0,0,0,0,0
3678,51,Middle-Aged,Graduate,Widow,60208,other_income,1,1,13,0-30 days,488,23,71,15,0,59,656,11,8,3,7,7,0,1,0,0,0,0,1
5883,52,Middle-Aged,Graduate,Married,77981,other_income,1,0,78,61-90 days,138,81,204,16,81,60,580,3,7,4,7,5,0,0,0,0,0,0,0
2415,62,Middle-Aged,Graduate,Together,62568,other_income,0,1,99,More than 90 days,362,17,398,80,35,61,953,3,5,3,5,4,0,0,0,1,0,0,0
9167,68,Middle-Aged,Graduate,Married,67131,other_income,0,1,72,61-90 days,465,71,250,93,35,62,976,3,9,2,12,6,0,0,0,0,0,0,0
9246,39,other,non_graduate,Together,40101,Medium,1,0,73,61-90 days,171,3,129,26,24,62,415,4,6,1,6,7,0,0,0,0,0,0,0
6815,44,other,non_graduate,Married,96547,other_income,0,0,4,0-30 days,448,21,125,52,81,62,789,0,7,6,8,2,1,0,1,1,0,0,1
8722,67,Middle-Aged,non_graduate,Married,82347,other_income,0,0,38,31-60 days,556,54,556,120.5,81,63,1430.5,1,7,7,10,3,1,0,0,1,0,0,1
7872,49,other,non_graduate,Married,86836,other_income,0,0,7,0-30 days,179,21,273,0,21,63,557,1,6,10,6,5,1,0,1,1,0,0,1
4947,58,Middle-Aged,non_graduate,Single,89572,other_income,0,0,44,31-60 days,606,24,556,120.5,81,64,1451.5,1,7,7,9,4,0,1,0,1,0,0,1
7141,38,other,non_graduate,Single,21888,other_income,1,0,15,0-30 days,88,10,46,2,3,64,213,4,5,1,2,10,0,0,0,0,0,0,1
2715,58,Middle-Aged,non_graduate,Divorced,29435,other_income,1,1,11,0-30 days,70,3,37,4,2,64,180,4,3,2,2,9,0,0,0,0,0,0,1
4073,70,Middle-Aged,non_graduate,Married,63564,other_income,0,0,0,0-30 days,769,80,252,15,34,65,1215,1,10,10,7,6,1,0,0,0,0,0,1
4943,71,other,Graduate,Married,70503,other_income,0,0,73,61-90 days,1224.625,33,216,0,33,66,1572.625,1,2,4,9,6,0,1,1,0,0,0,0
1992,60,Middle-Aged,Graduate,Married,60597,other_income,0,1,2,0-30 days,522,0,257,32,16,66,893,4,2,2,8,7,0,0,0,1,0,0,1
7279,55,Middle-Aged,non_graduate,Together,69476,other_income,0,0,3,0-30 days,260,81,556,63,9,67,1036,1,4,6,4,2,0,0,0,0,0,0,0
4427,29,other,non_graduate,Single,83257,other_income,0,0,56,31-60 days,536,27,556,38,81,67,1305,1,5,10,12,6,1,0,1,0,0,1,1
1361,50,other,non_graduate,Married,82584,other_income,0,0,26,0-30 days,1076,68,103,29,81,68,1425,1,3,4,8,1,0,1,1,0,0,0,1
1907,74,other,non_graduate,Divorced,63120,other_income,0,1,53,31-60 days,965,69,279,54,41,69,1477,5,8,4,9,7,0,0,0,0,0,0,1
9703,54,Middle-Aged,non_graduate,Married,38097,Medium,1,1,70,61-90 days,77,2,35,0,1,69,184,4,3,2,2,7,1,0,0,0,0,0,1
3412,73,other,non_graduate,Married,67381,other_income,0,1,67,61-90 days,815,8,53,11,0,70,957,4,2,2,9,7,0,1,0,0,0,0,0
8952,71,other,non_graduate,Married,65569,other_income,0,1,96,More than 90 days,397,46,288,20,38,70,859,2,6,5,10,3,0,0,0,0,0,0,0
6906,71,other,non_graduate,Widow,84953,other_income,0,0,73,61-90 days,167,48,556,63,72,72,978,1,3,10,4,2,0,1,1,1,0,0,1
8346,50,other,Graduate,Single,32233,Medium,1,0,26,0-30 days,138,15,35,25,11,72,296,2,6,2,2,9,1,0,0,0,0,0,1
5272,59,Middle-Aged,non_graduate,Married,53843,Medium,0,1,64,61-90 days,378,0,88,19,4,73,562,4,8,5,3,7,0,0,0,0,0,0,0
701,53,Middle-Aged,Graduate,Married,73691,other_income,0,1,58,31-60 days,707,21,250,85,43,73,1179,2,6,2,8,2,1,0,0,0,0,0,0
4607,65,Middle-Aged,Graduate,Together,71367,other_income,0,0,24,0-30 days,227,23,389,42,21,75,777,1,4,5,7,2,0,0,0,0,0,0,0
2535,46,other,non_graduate,Married,88097,other_income,1,0,24,0-30 days,163,0,480,0,81,75,799,1,6,5,8,9,0,1,1,1,0,0,1
2088,52,Middle-Aged,Graduate,Together,84906,other_income,0,0,98,More than 90 days,997,15,414,99,30,76,1631,1,5,6,12,2,0,1,1,0,1,0,0
535,37,other,Graduate,Divorced,81361,other_income,0,0,18,0-30 days,163,23,424,27,65,76,778,1,3,10,13,1,0,0,0,0,0,0,0
2324,52,Middle-Aged,Graduate,Together,77044,other_income,0,1,12,0-30 days,625,38,242,50,34,76,1065,2,7,10,11,4,1,0,0,0,0,0,0
4608,37,other,Graduate,Divorced,81361,other_income,0,0,18,0-30 days,163,23,424,27,65,76,778,1,3,10,13,1,0,0,0,0,0,0,1
1490,62,Middle-Aged,Graduate,Married,55759,Medium,0,1,84,61-90 days,675,0,85,10,7,77,854,5,10,3,8,8,0,0,0,0,0,0,0
9242,34,other,Graduate,Single,64509,other_income,0,0,19,0-30 days,836,81,556,24,25,77,1599,1,6,3,9,4,1,0,0,0,0,0,1
5543,58,Middle-Aged,Graduate,Together,57811,Medium,0,1,49,31-60 days,545,7,114,37,21,78,802,5,7,2,11,5,0,1,0,0,0,0,0
5628,42,other,Graduate,Together,61416,other_income,0,0,25,0-30 days,848,81,323,120.5,61,78,1511.5,1,10,3,10,6,1,0,0,0,0,0,0
8923,51,Middle-Aged,Graduate,Single,83917,other_income,0,0,12,0-30 days,514,22,556,42,81,79,1294,1,6,7,7,3,0,0,0,0,0,0,1
3182,51,Middle-Aged,non_graduate,Single,46854,Medium,1,1,81,61-90 days,96,1,79,7,1,79,263,6,5,1,3,8,1,0,0,0,0,0,1
9256,53,Middle-Aged,Graduate,Single,58350,Medium,0,1,5,0-30 days,493,26,206,116,80,80,1001,4,8,3,12,6,0,0,0,0,0,0,0
10673,48,other,non_graduate,Married,68397,other_income,0,1,6,0-30 days,760,80,466,17,13,80,1416,1,6,9,5,3,0,0,0,0,0,0,0
2176,52,Middle-Aged,Graduate,Married,80134,other_income,1,0,40,31-60 days,1218,16,272,104,0,80,1690,2,5,3,6,6,0,1,1,1,0,0,1
9121,52,Middle-Aged,Graduate,Married,80134,other_income,1,0,40,31-60 days,1218,16,272,104,0,80,1690,2,5,3,6,6,0,1,1,1,0,0,1
6853,42,other,non_graduate,Single,75777,other_income,0,0,12,0-30 days,712,26,538,69,13,80,1438,1,3,6,11,1,0,1,1,0,0,0,1
7366,42,other,non_graduate,Single,75777,other_income,0,0,12,0-30 days,712,26,538,69,13,80,1438,1,3,6,11,1,0,1,1,0,0,0,1
3619,64,Middle-Aged,non_graduate,Divorced,87305,other_income,0,0,19,0-30 days,345,25,501,63,81,80,1095,1,5,3,8,2,0,0,1,0,0,0,1
10037,31,other,Graduate,Single,74293,other_income,0,0,66,61-90 days,375,81,335,93,81,81,1046,1,5,4,6,2,0,0,0,0,0,0,0
9370,79,other,non_graduate,Married,65846,other_income,0,0,68,61-90 days,562,81,276,80,40,81,1120,1,6,3,6,4,0,0,0,0,0,0,0
1509,66,Middle-Aged,non_graduate,Together,84460,other_income,0,0,80,61-90 days,152,27,103,106,54,81,523,0,9,9,4,5,0,1,1,1,1,0,1
2674,66,Middle-Aged,non_graduate,Single,75154,other_income,0,1,79,61-90 days,543,10,205,120.5,81,82,1041.5,1,6,3,6,3,0,0,0,0,0,0,1
10379,62,Middle-Aged,non_graduate,Single,59247,Medium,0,2,87,61-90 days,327,9,122,19,14,83,574,5,5,2,9,6,0,0,0,0,0,0,0
1891,44,other,non_graduate,Divorced,78789,other_income,0,0,12,0-30 days,667,50,556,21,81,83,1458,1,4,6,5,2,0,0,0,0,0,0,1
2975,48,other,Graduate,Together,85606,other_income,0,1,89,61-90 days,717,42,556,120.5,30,84,1549.5,2,6,7,9,3,0,0,0,1,0,0,0
295,35,other,Graduate,Single,81217,other_income,0,0,77,61-90 days,493,70,324,120.5,40,84,1131.5,1,3,7,11,1,0,0,0,0,0,0,0
10489,51,Middle-Aged,Graduate,Married,92955,other_income,0,0,35,31-60 days,693,21,556,31,24,84,1409,1,6,7,9,2,0,0,1,1,0,0,1
7005,43,other,Graduate,Single,58684,Medium,0,0,71,61-90 days,479,35,179,28,7,85,813,1,5,3,12,2,0,1,0,0,0,0,0
35,37,other,Graduate,Married,25545,other_income,1,0,35,31-60 days,32,1,64,16,12,85,210,3,2,2,3,6,0,0,0,0,0,0,1
5331,47,other,Graduate,Married,74985,other_income,0,0,8,0-30 days,587,51,556,120.5,0,86,1400.5,1,3,6,7,2,0,0,0,0,0,0,0
7431,33,other,non_graduate,Single,68126,other_income,0,0,40,31-60 days,1224.625,17,311,23,51,86,1712.625,1,7,4,5,9,0,1,0,0,0,0,1
5524,67,Middle-Aged,Graduate,Single,58138,Medium,0,0,58,31-60 days,635,81,546,120.5,81,88,1551.5,3,8,10,4,7,0,0,0,0,0,0,1
4188,67,Middle-Aged,Graduate,Single,36864,Medium,0,1,53,31-60 days,204,5,39,17,0,89,354,3,5,2,4,8,0,0,0,0,0,0,1
7798,52,Middle-Aged,non_graduate,Together,46344,Medium,0,1,28,0-30 days,233,20,57,8,20,91,429,4,7,1,5,7,0,0,0,0,0,0,0
1518,59,Middle-Aged,non_graduate,Married,62694,other_income,1,1,29,0-30 days,379,6,157,25,81,91,739,5,9,3,7,7,0,0,0,0,0,0,0
8970,52,Middle-Aged,non_graduate,Married,62010,other_income,0,1,93,More than 90 days,371,22,39,6,0,92,530,4,6,2,7,5,0,0,0,0,0,0,0
175,38,other,Graduate,Married,71952,other_income,1,0,93,More than 90 days,656,80,455,52,81,93,1417,2,8,4,8,4,1,0,1,0,0,0,0
10711,79,other,Graduate,Married,69755,other_income,0,0,23,0-30 days,217,77,373,111,23,93,894,1,3,6,12,1,0,0,0,0,0,0,0
6988,38,other,Graduate,Married,71952,other_income,1,0,93,More than 90 days,656,80,455,52,81,93,1417,2,8,4,8,4,1,0,1,0,0,0,0
2407,42,other,Graduate,Married,69109,other_income,0,0,10,0-30 days,823,25,459,120.5,29,95,1551.5,1,6,6,7,4,0,0,1,0,0,0,1
9064,42,other,Graduate,Married,69109,other_income,0,0,10,0-30 days,823,25,459,120.5,29,95,1551.5,1,6,6,7,4,0,0,1,0,0,0,1
1577,78,other,Graduate,Married,78569,other_income,0,0,14,0-30 days,558,79,556,120.5,81,95,1489.5,1,4,6,4,1,0,0,1,0,0,0,1
5350,33,other,non_graduate,Single,90638,other_income,0,0,29,0-30 days,1156,81,556,94,81,96,2064,1,3,4,10,1,0,0,1,0,0,0,1
10486,76,other,Graduate,Married,77142,other_income,0,0,54,31-60 days,476,75,162,29,81,97,920,1,4,4,8,2,0,0,0,0,0,0,0
3594,51,Middle-Aged,non_graduate,Married,54108,Medium,1,1,74,61-90 days,539,6,91,8,6,97,747,13,8,2,9,8,0,0,0,0,0,0,0
9790,67,Middle-Aged,Graduate,Single,78499,other_income,0,0,12,0-30 days,912,72,170,47,36,97,1334,1,11,3,4,4,0,0,1,0,0,0,1
158,79,other,non_graduate,Together,71604,other_income,0,0,3,0-30 days,345,53,528,98,75,97,1196,1,8,3,5,4,1,0,0,0,0,0,1
6810,41,other,Graduate,Divorced,82025,other_income,0,0,76,61-90 days,267,81,556,48,70,98,1120,1,3,2,6,1,0,0,1,0,0,0,1
2453,64,Middle-Aged,Graduate,Together,62807,other_income,0,1,83,61-90 days,526,28,135,10,21,99,819,3,5,3,12,5,0,0,0,0,0,0,0
590,54,Middle-Aged,non_graduate,Divorced,78579,other_income,0,0,35,31-60 days,816,66,549,120.5,66,99,1716.5,1,5,6,4,3,0,0,0,0,0,0,1
8707,68,Middle-Aged,Graduate,Married,79456,other_income,0,0,12,0-30 days,565,42,548,64,81,99,1399,1,5,6,4,3,0,0,0,0,0,0,1
6200,73,other,Graduate,Married,75903,other_income,0,1,50,31-60 days,340,81,185,120.5,38,100,864.5,2,6,6,9,3,0,0,0,0,0,0,0
7960,62,Middle-Aged,non_graduate,Together,82122,other_income,0,0,89,61-90 days,734,22,350,120.5,25,100,1351.5,1,3,9,13,1,0,0,1,0,0,0,0
477,38,other,Graduate,Married,83512,other_income,0,0,31,31-60 days,1060,61,556,80,20,101,1878,1,4,7,10,1,1,0,1,1,1,0,1
5602,35,other,non_graduate,Together,66973,other_income,0,0,98,More than 90 days,466,22,432,120.5,81,102,1223.5,1,8,7,12,3,0,0,0,0,0,0,0
10530,65,Middle-Aged,non_graduate,Widow,67786,other_income,0,0,0,0-30 days,431,81,441,80,20,102,1155,1,3,6,6,1,0,0,0,0,0,0,1
9743,69,Middle-Aged,Graduate,Married,76998,other_income,0,1,85,61-90 days,1224.625,81,161,69,35,107,1677.625,2,11,8,8,6,0,0,1,0,0,0,0
3498,48,other,non_graduate,Married,55424,Medium,0,1,6,0-30 days,462,61,184,10,53,107,877,4,7,5,9,6,1,0,0,0,0,0,1
6720,56,Middle-Aged,non_graduate,Together,43795,Medium,0,1,11,0-30 days,314,11,53,4,3,107,492,3,7,3,4,7,0,1,0,0,0,0,1
1867,67,Middle-Aged,Graduate,Single,64849,other_income,0,0,42,31-60 days,652,48,350,94,81,108,1333,1,9,3,6,5,0,0,0,0,0,0,1
6059,71,other,non_graduate,Together,64504,other_income,1,2,81,61-90 days,986,36,168,16,0,108,1314,7,11,3,4,7,0,0,0,0,0,0,1
615,64,Middle-Aged,Graduate,Together,30507,Medium,0,0,29,0-30 days,65,36,74,38,20,110,343,1,5,1,4,7,0,0,0,0,0,0,0
569,33,other,Graduate,Single,90273,other_income,0,0,32,31-60 days,704,81,556,120,74,111,1646,1,5,6,7,2,0,1,1,1,0,0,1
10314,76,other,non_graduate,Married,83837,other_income,0,0,79,61-90 days,847,66,119,86,81,111,1310,1,9,10,5,4,0,1,0,1,0,0,1
1139,40,other,non_graduate,Married,73356,other_income,0,0,56,31-60 days,1050,14,322,0,14,112,1512,1,5,10,5,2,1,0,1,1,0,0,1
4756,72,other,non_graduate,Divorced,63998,other_income,0,0,42,31-60 days,176,29,556,0,33,112,906,1,7,6,11,4,0,0,0,0,0,0,1
8897,59,Middle-Aged,Graduate,Single,42720,Medium,1,1,9,0-30 days,392,5,91,28,26,112,654,8,7,3,7,8,0,0,0,0,0,0,1
5031,50,other,Graduate,Together,83145,other_income,0,0,14,0-30 days,777,35,556,39,81,114,1602,1,5,9,11,2,0,0,1,0,0,0,1
4216,43,other,Graduate,Single,91065,other_income,0,0,33,31-60 days,822,81,108,120.5,81,114,1326.5,1,7,9,9,3,0,0,1,1,0,0,1
6421,63,Middle-Aged,Graduate,Together,88347,other_income,0,0,32,31-60 days,1050,81,555,77,81,118,1962,1,4,7,9,1,0,0,0,1,0,0,0
9516,53,Middle-Aged,non_graduate,Divorced,49118,Medium,0,0,90,61-90 days,620,54,239,99,81,119,1212,2,9,7,10,7,0,1,0,0,1,0,1
9305,48,other,non_graduate,Single,79689,other_income,0,0,65,61-90 days,311,26,556,120.5,37,121,1171.5,1,4,9,13,2,0,0,0,0,0,0,0
269,61,Middle-Aged,non_graduate,Single,46757,Medium,0,1,71,61-90 days,777,30,163,0,51,122,1143,6,4,4,7,9,0,0,0,0,0,0,0
9560,59,Middle-Aged,Graduate,Together,83003,other_income,0,0,18,0-30 days,856,61,556,40,25,122,1660,1,7,6,8,3,0,0,1,0,0,0,1
340,54,Middle-Aged,Graduate,Divorced,72967,other_income,0,1,1,0-30 days,158,35,179,0,0,125,497,2,7,2,8,5,1,0,0,0,0,0,1
7214,67,Middle-Aged,Graduate,Married,62187,other_income,0,0,49,31-60 days,792,0,275,45,45,126,1283,1,4,8,5,3,0,0,0,0,0,0,0
5250,81,other,non_graduate,Widow,51371,Medium,0,0,75,61-90 days,532,81,490,120.5,81,126,1430.5,1,5,5,11,1,0,0,1,0,0,0,1
6721,73,other,Graduate,Married,71965,other_income,0,1,21,0-30 days,572,19,286,50,38,126.5,1091.5,3,6,3,5,3,0,0,0,0,0,0,0
8643,53,Middle-Aged,Graduate,Together,69930,other_income,0,0,21,0-30 days,252,81,556,120.5,70,126.5,1206,1,4,5,12,3,0,0,0,0,0,0,0
10925,41,other,Graduate,Married,76630,other_income,0,0,93,More than 90 days,255,31,446,40,56,126.5,954.5,1,3,10,11,1,0,0,0,0,0,0,0
8148,68,Middle-Aged,non_graduate,Together,50898,Medium,1,1,88,61-90 days,285,28,242,55,81,126.5,817.5,13,6,2,12,5,0,0,0,0,0,0,0
1513,45,other,non_graduate,Together,60839,other_income,1,1,72,61-90 days,600,21,128,120.5,81,126.5,1077,13,2,2,12,8,0,0,0,0,0,0,0
4915,68,Middle-Aged,non_graduate,Married,53230,Medium,0,1,86,61-90 days,176,72,98,120.5,21,126.5,614,4,5,2,12,5,0,0,0,0,0,0,0
9847,69,Middle-Aged,non_graduate,Married,62972,other_income,0,1,39,31-60 days,313,15,47,20,0,126.5,521.5,2,7,4,3,6,0,0,0,0,0,0,0
2345,42,other,non_graduate,Together,70038,other_income,0,0,54,31-60 days,587,54,348,71,54,126.5,1240.5,1,4,4,8,2,0,0,0,0,0,0,0
4597,54,Middle-Aged,non_graduate,Together,82072,other_income,0,0,67,61-90 days,889,55,556,120.5,81,126.5,1828,1,3,2,13,1,0,0,0,0,0,0,0
7094,49,other,Graduate,Widow,58330,Medium,0,1,87,61-90 days,445,53,213,104,81,126.5,1022.5,1,6,4,13,4,0,0,0,0,0,0,0
5084,49,other,Graduate,Widow,58330,Medium,0,1,87,61-90 days,445,53,213,104,81,126.5,1022.5,1,6,4,13,4,0,0,0,0,0,0,0
241,72,other,Graduate,Together,83844,other_income,0,0,57,31-60 days,901,31,345,75,31,126.5,1509.5,1,4,4,11,1,0,0,1,0,0,0,0
8504,51,Middle-Aged,Graduate,Married,79593,other_income,0,0,70,61-90 days,350,60,556,110,81,126.5,1283.5,1,5,6,7,2,0,0,1,0,0,0,0
10340,40,other,Graduate,Together,35196,Medium,1,0,68,61-90 days,75,12,141,43,39,126.5,436.5,6,6,1,5,8,0,0,0,0,0,0,0
1945,62,Middle-Aged,Graduate,Married,71434,other_income,0,1,4,0-30 days,711,36,217,120.5,81,126.5,1292,3,7,4,7,4,0,1,0,1,0,0,0
7059,61,Middle-Aged,Graduate,Married,80124,other_income,0,0,47,31-60 days,483,81,398,120.5,81,126.5,1290,1,3,7,8,1,1,0,0,0,0,0,0
4508,72,other,Graduate,Single,75127,other_income,0,0,92,More than 90 days,203,35,305,46,17,126.5,732.5,1,2,10,5,1,0,0,0,0,0,0,0
3717,65,Middle-Aged,Graduate,Married,61180,other_income,0,1,70,61-90 days,403,24,29,6,24,126.5,612.5,2,5,5,6,3,1,0,0,0,0,0,0
9166,56,Middle-Aged,Graduate,Married,63967,other_income,0,1,57,31-60 days,387,81,141,73,35,126.5,843.5,3,4,4,12,2,0,0,0,0,0,0,0
3491,49,other,Graduate,Together,55914,Medium,0,1,32,31-60 days,384,60,364,119,81,126.5,1134.5,4,11,6,8,7,0,0,0,0,0,0,0
9426,60,Middle-Aged,non_graduate,Single,58308,Medium,0,1,77,61-90 days,691,0,69,10,0,126.5,896.5,4,2,6,3,8,0,0,0,0,0,0,0
1650,64,Middle-Aged,non_graduate,Married,81843,other_income,0,0,13,0-30 days,779,81,537,34,69,126.5,1626.5,1,5,9,12,3,0,0,0,0,0,0,0
7521,72,other,Graduate,Together,83844,other_income,0,0,57,31-60 days,901,31,345,75,31,126.5,1509.5,1,4,4,11,1,0,0,1,0,0,0,0
10928,66,Middle-Aged,Graduate,Together,66886,other_income,0,1,28,0-30 days,315,4,62,41,31,126.5,579.5,2,7,1,7,5,0,0,0,0,0,0,0
5407,70,Middle-Aged,Graduate,Together,53103,Medium,0,1,70,61-90 days,729,17,133,11,0,126.5,1016.5,5,10,6,7,7,1,0,0,0,0,0,0
4580,55,Middle-Aged,Graduate,Married,75759,other_income,0,0,46,31-60 days,1224.625,22,556,89,81,126.5,2099.125,1,9,7,9,5,1,0,1,1,0,0,1
1173,77,other,non_graduate,Together,77632,other_income,0,0,73,61-90 days,1200,81,556,0,42,126.5,2005.5,1,4,2,6,2,0,1,1,0,0,0,1
5386,71,other,Graduate,Together,94384,other_income,0,0,62,61-90 days,1111,24,556,120.5,45,126.5,1983,0,5,8,5,2,0,1,1,1,0,0,1
6024,71,other,Graduate,Together,94384,other_income,0,0,62,61-90 days,1111,24,556,120.5,45,126.5,1983,0,5,8,5,2,0,1,1,1,0,0,1
1772,49,other,non_graduate,Married,79174,other_income,0,0,2,0-30 days,1074,37,518,120.5,81,126.5,1957,1,5,6,7,2,0,0,1,1,0,0,1
2186,47,other,non_graduate,Together,82326,other_income,0,0,30,0-30 days,938,81,556,120.5,81,126.5,1903,1,5,10,6,2,0,1,1,1,0,0,1
9010,52,Middle-Aged,non_graduate,Married,83151,other_income,0,0,80,61-90 days,968,81,556,120.5,42,126.5,1894,1,5,7,10,2,1,0,1,1,0,0,1
4530,76,other,non_graduate,Widow,78427,other_income,0,0,36,31-60 days,972,19,556,120.5,26,126.5,1820,3,3,7,10,3,0,0,0,1,0,0,1
5831,57,Middle-Aged,Graduate,Married,77870,other_income,0,1,93,More than 90 days,1017,50,500,65,50,126.5,1808.5,3,5,5,5,8,0,1,0,1,0,0,1
6260,69,Middle-Aged,non_graduate,Together,82384,other_income,0,0,55,31-60 days,984,51,432,120.5,81,126.5,1795,1,3,10,13,1,0,0,1,0,0,0,1
6072,54,Middle-Aged,non_graduate,Single,75345,other_income,0,0,16,0-30 days,918,57,556,99,38,126.5,1794.5,1,5,8,6,3,0,0,0,1,0,0,1
9058,69,Middle-Aged,Graduate,Widow,79800,other_income,0,0,65,61-90 days,1060,21,530,32,0,126.5,1769.5,1,5,10,5,3,1,0,1,1,0,0,1
3698,41,other,Graduate,Together,78687,other_income,0,0,13,0-30 days,817,81,556,120.5,55,126.5,1756,1,4,6,8,2,0,0,1,0,0,0,1
380,70,Middle-Aged,Graduate,Divorced,64497,other_income,0,1,17,0-30 days,1170,48,320,42,32,126.5,1738.5,5,11,4,9,8,1,0,0,0,0,0,1
1103,48,other,non_graduate,Married,81929,other_income,1,0,60,31-60 days,1224.625,55,278,49,0,126.5,1733.125,2,4,4,10,6,1,0,1,0,0,0,1
5667,60,Middle-Aged,non_graduate,Married,60896,other_income,0,1,90,61-90 days,1013,30,399,60,46,126.5,1674.5,3,9,10,4,6,0,0,0,0,0,0,1
5848,54,Middle-Aged,Graduate,Together,81205,other_income,0,0,43,31-60 days,724,74,556,97,55,126.5,1632.5,1,5,6,7,2,1,0,1,0,1,0,1
2379,71,other,Graduate,Single,69267,other_income,0,0,31,31-60 days,778,44,499,95,73,126.5,1615.5,2,3,4,5,7,0,0,0,0,0,0,1
531,70,Middle-Aged,non_graduate,Divorced,57333,Medium,0,1,55,31-60 days,941,14,397,76,58,126.5,1612.5,11,8,5,9,6,0,0,0,0,0,0,1
3009,62,Middle-Aged,non_graduate,Widow,71670,other_income,0,0,8,0-30 days,1224.625,16,128,0,0,126.5,1495.125,1,5,3,6,6,0,1,1,0,1,0,1
7118,67,Middle-Aged,Graduate,Married,73803,other_income,0,1,61,61-90 days,833,80,363,52,26,126.5,1480.5,2,9,5,6,6,1,0,0,0,0,0,1
4611,54,Middle-Aged,Graduate,Together,105471,other_income,0,0,36,31-60 days,1009,81,104,120.5,21,126.5,1462,0,9,8,13,3,0,0,1,1,0,0,1
3005,32,other,Graduate,Single,83528,other_income,0,0,7,0-30 days,530,81,556,120.5,44,126.5,1458,1,4,10,8,1,1,0,0,1,0,0,1
2225,47,other,Graduate,Divorced,82582,other_income,0,0,54,31-60 days,510,81,550,120.5,40,126.5,1428,1,4,9,7,1,1,0,0,1,0,0,1
1665,60,Middle-Aged,non_graduate,Divorced,64140,other_income,0,2,71,61-90 days,1224.625,0,61,0,15,126.5,1427.125,5,2,5,6,5,1,0,1,0,1,0,1
9529,34,other,Graduate,Married,73687,other_income,0,0,8,0-30 days,559,81,503,120.5,13,126.5,1403,1,3,9,9,2,0,0,0,1,0,0,1
11071,40,other,Graduate,Single,79607,other_income,0,0,37,31-60 days,450,81,556,120.5,0,126.5,1334,1,3,6,6,1,0,0,0,0,0,0,1
10057,73,other,Graduate,Single,72282,other_income,0,0,70,61-90 days,503,27,419,90,81,126.5,1246.5,1,5,7,9,7,0,0,0,0,0,0,1
3968,54,Middle-Aged,non_graduate,Divorced,65706,other_income,0,0,77,61-90 days,918,10,129,13,0,126.5,1196.5,1,11,3,12,7,0,1,1,0,1,0,1
5080,31,other,Graduate,Single,70515,other_income,0,0,12,0-30 days,420,0,452,120.5,64,126.5,1183,1,6,6,4,2,0,0,0,0,0,0,1
5718,74,other,Graduate,Married,80763,other_income,0,0,17,0-30 days,674,81,108,120.5,42,126.5,1152,1,5,10,6,3,0,0,1,1,0,0,1
5302,38,other,Graduate,Together,78394,other_income,0,0,13,0-30 days,298,27,556,120.5,24,126.5,1152,1,4,6,5,2,0,0,0,0,0,0,1
9760,61,Middle-Aged,non_graduate,Widow,52278,Medium,0,1,24,0-30 days,953,0,71,0,0,126.5,1150.5,6,10,5,10,8,0,0,0,0,0,0,1
10814,77,other,Graduate,Together,70321,other_income,0,0,6,0-30 days,303,23,556,82,26,126.5,1116.5,1,6,5,13,4,0,0,0,0,0,0,1
7215,41,other,Graduate,Single,101970,other_income,0,0,69,61-90 days,722,27,102,44,72,126.5,1093.5,0,6,8,13,2,0,1,1,1,0,0,1
6409,57,Middle-Aged,Graduate,Divorced,57136,Medium,0,0,18,0-30 days,267,81,556,34,12,126.5,1076.5,1,7,5,7,6,0,0,0,0,0,0,1
4070,55,Middle-Aged,non_graduate,Married,94871,other_income,0,2,99,More than 90 days,169,24,553,120.5,0,126.5,993,1,8,5,4,7,0,1,1,0,0,0,1
7734,31,other,Graduate,Single,79244,other_income,0,0,58,31-60 days,471,81,125,120.5,61,126.5,985,1,4,10,7,1,0,0,1,1,0,0,1
1826,54,Middle-Aged,Graduate,Divorced,84835,other_income,0,0,0,0-30 days,189,81,379,111,81,126.5,967.5,1,4,4,6,1,0,0,0,0,0,0,1
10676,42,other,Graduate,Married,63211,other_income,0,0,3,0-30 days,145,81,459,120.5,26,126.5,958,2,3,8,7,2,0,0,0,0,0,0,1
10089,50,other,Graduate,Divorced,102692,other_income,0,0,5,0-30 days,168,81,444,32,81,126.5,932.5,1,6,9,13,2,0,1,1,1,1,0,1
3445,68,Middle-Aged,Graduate,Single,60714,other_income,0,0,56,31-60 days,216,81,224,101,81,126.5,829.5,2,7,4,10,5,0,0,0,0,0,0,1
5519,68,Middle-Aged,Graduate,Together,64090,other_income,0,1,8,0-30 days,316,58,161,76,51,126.5,788.5,1,6,9,4,5,0,0,0,0,0,0,1
5207,61,Middle-Aged,non_graduate,Married,53378,Medium,1,1,41,31-60 days,489,6,152,8,6,126.5,787.5,10,9,4,6,8,0,0,0,0,0,0,1
6299,56,Middle-Aged,non_graduate,Divorced,42564,Medium,0,1,28,0-30 days,324,48,186,39,18,126.5,741.5,6,6,8,4,7,1,0,0,0,0,0,1
3766,65,Middle-Aged,non_graduate,Widow,33051,Medium,0,0,15,0-30 days,100,71,243,108,81,126.5,729.5,3,9,1,8,9,0,0,0,0,0,0,1
9984,43,other,non_graduate,Married,56337,Medium,1,1,25,0-30 days,349,16,144,28,5,126.5,668.5,5,8,5,4,8,1,0,0,1,0,0,1
9094,69,Middle-Aged,non_graduate,Married,62972,other_income,0,1,39,31-60 days,313,15,47,20,0,126.5,521.5,2,7,4,3,6,0,0,0,0,0,0,1
2632,70,Middle-Aged,Graduate,Married,50501,Medium,1,1,10,0-30 days,297,0,38,13,0,126.5,474.5,7,5,4,4,6,1,0,0,0,0,0,1
8870,40,other,Graduate,Together,35196,Medium,1,0,68,61-90 days,75,12,141,43,39,126.5,436.5,6,6,1,5,8,0,0,0,0,0,0,1
10971,47,other,Graduate,Single,37774,Medium,2,0,28,0-30 days,173,8,107,7,2,126.5,423.5,4,7,2,3,9,1,0,0,0,0,1,1
10176,56,Middle-Aged,Graduate,Single,57107,Medium,0,1,44,31-60 days,159,0,120,0,0,126.5,405.5,7,4,4,8,8,0,1,0,0,1,0,1
1175,41,other,non_graduate,Married,36262,Medium,0,0,24,0-30 days,88,39,54,64,28,126.5,399.5,1,3,5,3,6,1,0,0,0,0,0,1
5748,59,Middle-Aged,Graduate,Married,59754,Medium,0,1,96,More than 90 days,115,27,44,4,81,126.5,397.5,3,5,2,6,5,0,0,0,0,0,0,1
